"id","kind","file","line","owner","mysql_pattern_category","postgres_target_design","source_snippet","test_status"
"S1-SQL-001","execute_call","scripts/backfill-grade-index.mjs","18","TCG catalog","identifier_quoting","Remove MySQL backticks; use Drizzle identifiers or PostgreSQL quoting","await conn.execute('DELETE FROM snkrdunkGradeIndex');","not_started"
"S1-SQL-002","execute_call","scripts/backfill-grade-index.mjs","88","TCG catalog","identifier_quoting","Remove MySQL backticks; use Drizzle identifiers or PostgreSQL quoting","const [countRows] = await conn.execute('SELECT COUNT(*) as cnt FROM snkrdunkGradeIndex');","not_started"
"S1-SQL-003","execute_call","scripts/backfill-grade-index.mjs","92","TCG catalog","identifier_quoting","Remove MySQL backticks; use Drizzle identifiers or PostgreSQL quoting","const [gradeRows] = await conn.execute(","not_started"
"S1-SQL-004","execute_call","scripts/check_setname.mjs","10","TCG catalog","identifier_quoting","Remove MySQL backticks; use Drizzle identifiers or PostgreSQL quoting","const [result] = await db.execute(sql`","not_started"
"S1-SQL-005","sql_tag","scripts/check_setname.mjs","10","TCG catalog","identifier_quoting","Remove MySQL backticks; use Drizzle identifiers or PostgreSQL quoting","const [result] = await db.execute(sql`","not_started"
"S1-SQL-006","execute_call","scripts/check_setname.mjs","20","TCG catalog","identifier_quoting","Remove MySQL backticks; use Drizzle identifiers or PostgreSQL quoting","const [samples] = await db.execute(sql`","not_started"
"S1-SQL-007","sql_tag","scripts/check_setname.mjs","20","TCG catalog","identifier_quoting","Remove MySQL backticks; use Drizzle identifiers or PostgreSQL quoting","const [samples] = await db.execute(sql`","not_started"
"S1-SQL-008","execute_call","scripts/check_setname.mjs","27","TCG catalog","identifier_quoting","Remove MySQL backticks; use Drizzle identifiers or PostgreSQL quoting","const [withSetName] = await db.execute(sql`","not_started"
"S1-SQL-009","sql_tag","scripts/check_setname.mjs","27","TCG catalog","identifier_quoting","Remove MySQL backticks; use Drizzle identifiers or PostgreSQL quoting","const [withSetName] = await db.execute(sql`","not_started"
"S1-SQL-010","execute_call","scripts/fill_setname_series.mjs","10","TCG catalog","identifier_quoting","Remove MySQL backticks; use Drizzle identifiers or PostgreSQL quoting","const [r1] = await conn.execute(`","not_started"
"S1-SQL-011","execute_call","scripts/fill_setname_series.mjs","22","TCG catalog","identifier_quoting","Remove MySQL backticks; use Drizzle identifiers or PostgreSQL quoting","const [r2] = await conn.execute(`","not_started"
"S1-SQL-012","execute_call","scripts/fill_setname_series.mjs","32","TCG catalog","identifier_quoting","Remove MySQL backticks; use Drizzle identifiers or PostgreSQL quoting","const [stats] = await conn.execute(`","not_started"
"S1-SQL-013","execute_call","scripts/fill_setname_series.mjs","42","TCG catalog","identifier_quoting","Remove MySQL backticks; use Drizzle identifiers or PostgreSQL quoting","const [setNames] = await conn.execute(`","not_started"
"S1-SQL-014","execute_call","scripts/fill_setname_series.mjs","51","TCG catalog","identifier_quoting","Remove MySQL backticks; use Drizzle identifiers or PostgreSQL quoting","const [seriesVals] = await conn.execute(`","not_started"
"S1-SQL-015","execute_call","scripts/githubActionsBatchUpdate.mjs","243","TCG catalog","identifier_quoting","Remove MySQL backticks; use Drizzle identifiers or PostgreSQL quoting","const [rows] = await db.execute(","not_started"
"S1-SQL-016","execute_call","scripts/githubActionsBatchUpdate.mjs","251","TCG catalog","identifier_quoting","Remove MySQL backticks; use Drizzle identifiers or PostgreSQL quoting","const [histRows] = await db.execute(","not_started"
"S1-SQL-017","execute_call","scripts/githubActionsBatchUpdate.mjs","300","TCG catalog","upsert","Replace with explicit ON CONFLICT target after unique-index review","await db.execute(","not_started"
"S1-SQL-018","execute_call","scripts/githubActionsBatchUpdate.mjs","309","TCG catalog","upsert","Replace with explicit ON CONFLICT target after unique-index review","await db.execute(","not_started"
"S1-SQL-019","execute_call","scripts/githubActionsBatchUpdate.mjs","326","TCG catalog","identifier_quoting","Remove MySQL backticks; use Drizzle identifiers or PostgreSQL quoting","await db.execute(","not_started"
"S1-SQL-020","execute_call","scripts/githubActionsEbayBatchUpdate.mjs","272","TCG catalog","identifier_quoting","Remove MySQL backticks; use Drizzle identifiers or PostgreSQL quoting","const [rows] = await db.execute(","not_started"
"S1-SQL-021","execute_call","scripts/githubActionsEbayBatchUpdate.mjs","318","TCG catalog","identifier_quoting","Remove MySQL backticks; use Drizzle identifiers or PostgreSQL quoting","const [tier1Rows] = await db.execute(","not_started"
"S1-SQL-022","execute_call","scripts/githubActionsEbayBatchUpdate.mjs","338","TCG catalog","identifier_quoting","Remove MySQL backticks; use Drizzle identifiers or PostgreSQL quoting","const [rows] = await db.execute(","not_started"
"S1-SQL-023","execute_call","scripts/githubActionsEbayBatchUpdate.mjs","363","TCG catalog","identifier_quoting","Remove MySQL backticks; use Drizzle identifiers or PostgreSQL quoting","const [rows] = await db.execute(","not_started"
"S1-SQL-024","execute_call","scripts/githubActionsListingsBatchUpdate.mjs","168","TCG catalog","identifier_quoting","Remove MySQL backticks; use Drizzle identifiers or PostgreSQL quoting","const [rows] = await db.execute(","not_started"
"S1-SQL-025","execute_call","scripts/githubActionsListingsBatchUpdate.mjs","211","TCG catalog","identifier_quoting","Remove MySQL backticks; use Drizzle identifiers or PostgreSQL quoting","await db.execute(","not_started"
"S1-SQL-026","execute_call","scripts/githubActionsListingsBatchUpdate.mjs","215","TCG catalog","identifier_quoting","Remove MySQL backticks; use Drizzle identifiers or PostgreSQL quoting","await db.execute(","not_started"
"S1-SQL-027","execute_call","scripts/githubActionsPsaScraper.mjs","153","TCG catalog","identifier_quoting","Remove MySQL backticks; use Drizzle identifiers or PostgreSQL quoting","const [rows] = await pool.execute(","not_started"
"S1-SQL-028","execute_call","scripts/githubActionsPsaScraper.mjs","218","TCG catalog","raw_update","Review RETURNING and affected-row behavior","await pool.execute('UPDATE cards SET psaScrapedAt = NOW() WHERE id = ?', [cardId]);","not_started"
"S1-SQL-029","execute_call","scripts/psaPlaywrightMatcher.mjs","245","TCG catalog","identifier_quoting","Remove MySQL backticks; use Drizzle identifiers or PostgreSQL quoting","const [rows] = await conn.execute(","not_started"
"S1-SQL-030","execute_call","scripts/psaPlaywrightMatcher.mjs","259","TCG catalog","raw_select","Review casts, joins, order and pagination semantics","await conn.execute(","not_started"
"S1-SQL-031","execute_call","scripts/psaPlaywrightMatcher.mjs","266","TCG catalog","raw_select","Review casts, joins, order and pagination semantics","await conn.execute(","not_started"
"S1-SQL-032","execute_call","scripts/psaPlaywrightMatcher.mjs","273","TCG catalog","raw_select","Review casts, joins, order and pagination semantics","const [rows] = await conn.execute(","not_started"
"S1-SQL-033","execute_call","scripts/psaSpecMatcher.mjs","537","TCG catalog","identifier_quoting","Remove MySQL backticks; use Drizzle identifiers or PostgreSQL quoting","const [rows] = await conn.execute(query, params);","not_started"
"S1-SQL-034","execute_call","scripts/psaSpecMatcher.mjs","542","TCG catalog","identifier_quoting","Remove MySQL backticks; use Drizzle identifiers or PostgreSQL quoting","await conn.execute(","not_started"
"S1-SQL-035","execute_call","scripts/psaSpecMatcher.mjs","549","TCG catalog","identifier_quoting","Remove MySQL backticks; use Drizzle identifiers or PostgreSQL quoting","await conn.execute(","not_started"
"S1-SQL-036","execute_call","scripts/tcgdexImport.mjs","107","TCG catalog","identifier_quoting","Remove MySQL backticks; use Drizzle identifiers or PostgreSQL quoting","const [result] = await db.execute(sql, values);","not_started"
"S1-SQL-037","execute_call","scripts/tcgdexImport.mjs","162","TCG catalog","identifier_quoting","Remove MySQL backticks; use Drizzle identifiers or PostgreSQL quoting","const [existingRows] = await db.execute(","not_started"
"S1-SQL-038","execute_call","scripts/tcgdexPriceSync.mjs","80","TCG catalog","upsert","Replace with explicit ON CONFLICT target after unique-index review","await conn.execute(","not_started"
"S1-SQL-039","execute_call","scripts/tcgdexPriceSync.mjs","127","TCG catalog","identifier_quoting","Remove MySQL backticks; use Drizzle identifiers or PostgreSQL quoting","const [rows] = await readConn.execute(","not_started"
"S1-SQL-040","execute_call","server/_core/index.ts","570","Identity & user experience","upsert","Replace with explicit ON CONFLICT target after unique-index review","await _db.execute(_ptSql`","not_started"
"S1-SQL-041","sql_tag","server/articleDataHelper.ts","26","TCG catalog","identifier_quoting","Remove MySQL backticks; use Drizzle identifiers or PostgreSQL quoting","avgPrice: sql<number>`AVG(CAST(${priceHistory.price} AS DECIMAL(10,2)))`,","not_started"
"S1-SQL-042","sql_tag","server/articleDataHelper.ts","27","TCG catalog","identifier_quoting","Remove MySQL backticks; use Drizzle identifiers or PostgreSQL quoting","minPrice: sql<number>`MIN(CAST(${priceHistory.price} AS DECIMAL(10,2)))`,","not_started"
"S1-SQL-043","sql_tag","server/articleDataHelper.ts","28","TCG catalog","identifier_quoting","Remove MySQL backticks; use Drizzle identifiers or PostgreSQL quoting","maxPrice: sql<number>`MAX(CAST(${priceHistory.price} AS DECIMAL(10,2)))`,","not_started"
"S1-SQL-044","sql_tag","server/articleDataHelper.ts","29","TCG catalog","identifier_quoting","Remove MySQL backticks; use Drizzle identifiers or PostgreSQL quoting","count: sql<number>`COUNT(*)`,","not_started"
"S1-SQL-045","sql_tag","server/articleDataHelper.ts","40","TCG catalog","identifier_quoting","Remove MySQL backticks; use Drizzle identifiers or PostgreSQL quoting",".having(sql`COUNT(*) >= 3`); // At least 3 transactions","not_started"
"S1-SQL-046","sql_tag","server/articleDataHelper.ts","77","TCG catalog","identifier_quoting","Remove MySQL backticks; use Drizzle identifiers or PostgreSQL quoting","count: sql<number>`COUNT(*)`,","not_started"
"S1-SQL-047","sql_tag","server/articleDataHelper.ts","88","TCG catalog","identifier_quoting","Remove MySQL backticks; use Drizzle identifiers or PostgreSQL quoting",".orderBy(desc(sql`COUNT(*)`))","not_started"
"S1-SQL-048","execute_call","server/batchTaskManager.ts","137","Operations & platform","identifier_quoting","Remove MySQL backticks; use Drizzle identifiers or PostgreSQL quoting","await db.execute(sql`","not_started"
"S1-SQL-049","sql_tag","server/batchTaskManager.ts","137","Operations & platform","identifier_quoting","Remove MySQL backticks; use Drizzle identifiers or PostgreSQL quoting","await db.execute(sql`","not_started"
"S1-SQL-050","execute_call","server/batchTaskManager.ts","156","TCG catalog","identifier_quoting","Remove MySQL backticks; use Drizzle identifiers or PostgreSQL quoting","await db.execute(sql`","not_started"
"S1-SQL-051","sql_tag","server/batchTaskManager.ts","156","TCG catalog","identifier_quoting","Remove MySQL backticks; use Drizzle identifiers or PostgreSQL quoting","await db.execute(sql`","not_started"
"S1-SQL-052","execute_call","server/batchTaskManager.ts","181","TCG catalog","identifier_quoting","Remove MySQL backticks; use Drizzle identifiers or PostgreSQL quoting","await db.execute(sql`","not_started"
"S1-SQL-053","sql_tag","server/batchTaskManager.ts","181","TCG catalog","identifier_quoting","Remove MySQL backticks; use Drizzle identifiers or PostgreSQL quoting","await db.execute(sql`","not_started"
"S1-SQL-054","execute_call","server/batchTaskManager.ts","204","Identity & user experience","identifier_quoting","Remove MySQL backticks; use Drizzle identifiers or PostgreSQL quoting","await db.execute(sql`","not_started"
"S1-SQL-055","sql_tag","server/batchTaskManager.ts","204","Identity & user experience","identifier_quoting","Remove MySQL backticks; use Drizzle identifiers or PostgreSQL quoting","await db.execute(sql`","not_started"
"S1-SQL-056","execute_call","server/batchTaskManager.ts","220","Operations & platform","identifier_quoting","Remove MySQL backticks; use Drizzle identifiers or PostgreSQL quoting","await db.execute(sql`","not_started"
"S1-SQL-057","sql_tag","server/batchTaskManager.ts","220","Operations & platform","identifier_quoting","Remove MySQL backticks; use Drizzle identifiers or PostgreSQL quoting","await db.execute(sql`","not_started"
"S1-SQL-058","sql_tag","server/batchTaskManager.ts","397","Marketplace & transactions","identifier_quoting","Remove MySQL backticks; use Drizzle identifiers or PostgreSQL quoting",".select({ count: sql<number>`COUNT(*)` })","not_started"
"S1-SQL-059","sql_tag","server/batchTaskManager.ts","486","Operations & platform","identifier_quoting","Remove MySQL backticks; use Drizzle identifiers or PostgreSQL quoting","sql`${scheduledTasks.status} NOT IN ('running', 'paused')`","not_started"
"S1-SQL-060","sql_tag","server/batchTaskManager.ts","654","Pricing & market data","identifier_quoting","Remove MySQL backticks; use Drizzle identifiers or PostgreSQL quoting","sql`${scheduledTasks.createdAt} >= ${sevenDaysAgo}`,","not_started"
"S1-SQL-061","sql_tag","server/blogDb.ts","41","Marketplace & transactions","identifier_quoting","Remove MySQL backticks; use Drizzle identifiers or PostgreSQL quoting",".select({ count: sql<number>`COUNT(*)` })","not_started"
"S1-SQL-062","execute_call","server/blogDb.ts","234","Marketplace & transactions","identifier_quoting","Remove MySQL backticks; use Drizzle identifiers or PostgreSQL quoting","await db.execute(sql`UPDATE ${posts} SET \`viewCount\` = \`viewCount\` + 1 WHERE \`slug\` = ${slug}`);","not_started"
"S1-SQL-063","sql_tag","server/blogDb.ts","234","Marketplace & transactions","identifier_quoting","Remove MySQL backticks; use Drizzle identifiers or PostgreSQL quoting","await db.execute(sql`UPDATE ${posts} SET \`viewCount\` = \`viewCount\` + 1 WHERE \`slug\` = ${slug}`);","not_started"
"S1-SQL-064","sql_tag","server/blogDb.ts","423","Content & media metadata","identifier_quoting","Remove MySQL backticks; use Drizzle identifiers or PostgreSQL quoting","count: sql<number>`COUNT(*)`.as('count'),","not_started"
"S1-SQL-065","sql_tag","server/blogDb.ts","455","Content & media metadata","identifier_quoting","Remove MySQL backticks; use Drizzle identifiers or PostgreSQL quoting","count: sql<number>`COUNT(*)`.as('count'),","not_started"
"S1-SQL-066","sql_tag","server/collection.ts","210","Marketplace & transactions","identifier_quoting","Remove MySQL backticks; use Drizzle identifiers or PostgreSQL quoting","? and(eq(userCollections.userId, userId), sql`${userCollections.tradedAt} IS NOT NULL`)","not_started"
"S1-SQL-067","execute_call","server/db.ts","132","TCG catalog","identifier_quoting","Remove MySQL backticks; use Drizzle identifiers or PostgreSQL quoting","const queryPromise = db.execute(sql`","not_started"
"S1-SQL-068","sql_tag","server/db.ts","132","TCG catalog","identifier_quoting","Remove MySQL backticks; use Drizzle identifiers or PostgreSQL quoting","const queryPromise = db.execute(sql`","not_started"
"S1-SQL-069","sql_tag","server/db.ts","616","TCG catalog","identifier_quoting","Remove MySQL backticks; use Drizzle identifiers or PostgreSQL quoting","and(whereCondition, sql`${cards.id} NOT IN (${sql.raw(candidateArray.join(','))})`)","not_started"
"S1-SQL-070","execute_call","server/db.ts","1131","TCG catalog","identifier_quoting","Remove MySQL backticks; use Drizzle identifiers or PostgreSQL quoting","const result = await db.execute(sql`SELECT APPROX_COUNT_DISTINCT(id) as c FROM cards`) as any;","not_started"
"S1-SQL-071","sql_tag","server/db.ts","1131","TCG catalog","identifier_quoting","Remove MySQL backticks; use Drizzle identifiers or PostgreSQL quoting","const result = await db.execute(sql`SELECT APPROX_COUNT_DISTINCT(id) as c FROM cards`) as any;","not_started"
"S1-SQL-072","sql_tag","server/db.ts","1430","TCG catalog","identifier_quoting","Remove MySQL backticks; use Drizzle identifiers or PostgreSQL quoting",".select({ count: sql<number>`count(*)` })","not_started"
"S1-SQL-073","sql_tag","server/db.ts","1452","TCG catalog","identifier_quoting","Remove MySQL backticks; use Drizzle identifiers or PostgreSQL quoting","ebayLastUpdatedAt: sql<Date | null>`(","not_started"
"S1-SQL-074","sql_tag","server/db.ts","1996","TCG catalog","identifier_quoting","Remove MySQL backticks; use Drizzle identifiers or PostgreSQL quoting","set: { id: sql`id`, recordHash: sql`VALUES(recordHash)` },","not_started"
"S1-SQL-075","sql_tag","server/db.ts","1996","TCG catalog","identifier_quoting","Remove MySQL backticks; use Drizzle identifiers or PostgreSQL quoting","set: { id: sql`id`, recordHash: sql`VALUES(recordHash)` },","not_started"
"S1-SQL-076","sql_tag","server/db.ts","2047","Operations & platform","identifier_quoting","Remove MySQL backticks; use Drizzle identifiers or PostgreSQL quoting","const totalSearches = await db.select({ count: sql<number>`count(*)` }).from(searchStats);","not_started"
"S1-SQL-077","sql_tag","server/db.ts","2050","Operations & platform","identifier_quoting","Remove MySQL backticks; use Drizzle identifiers or PostgreSQL quoting","const imageSearches = await db.select({ count: sql<number>`count(*)` })","not_started"
"S1-SQL-078","sql_tag","server/db.ts","2055","Operations & platform","identifier_quoting","Remove MySQL backticks; use Drizzle identifiers or PostgreSQL quoting","const textSearches = await db.select({ count: sql<number>`count(*)` })","not_started"
"S1-SQL-079","sql_tag","server/db.ts","2060","Operations & platform","identifier_quoting","Remove MySQL backticks; use Drizzle identifiers or PostgreSQL quoting","const avgImageDuration = await db.select({ avg: sql<number>`avg(searchDuration)` })","not_started"
"S1-SQL-080","sql_tag","server/db.ts","2065","Operations & platform","identifier_quoting","Remove MySQL backticks; use Drizzle identifiers or PostgreSQL quoting","const avgTextDuration = await db.select({ avg: sql<number>`avg(searchDuration)` })","not_started"
"S1-SQL-081","sql_tag","server/db.ts","2070","TCG catalog","identifier_quoting","Remove MySQL backticks; use Drizzle identifiers or PostgreSQL quoting","const successfulSearches = await db.select({ count: sql<number>`count(*)` })","not_started"
"S1-SQL-082","execute_call","server/db.ts","2348","TCG catalog","identifier_quoting","Remove MySQL backticks; use Drizzle identifiers or PostgreSQL quoting","const [rows] = await (db as any).execute(sql`","not_started"
"S1-SQL-083","sql_tag","server/db.ts","2348","TCG catalog","identifier_quoting","Remove MySQL backticks; use Drizzle identifiers or PostgreSQL quoting","const [rows] = await (db as any).execute(sql`","not_started"
"S1-SQL-084","execute_call","server/db.ts","2467","TCG catalog","identifier_quoting","Remove MySQL backticks; use Drizzle identifiers or PostgreSQL quoting","const [rows] = await (db as any).execute(sql`","not_started"
"S1-SQL-085","sql_tag","server/db.ts","2467","TCG catalog","identifier_quoting","Remove MySQL backticks; use Drizzle identifiers or PostgreSQL quoting","const [rows] = await (db as any).execute(sql`","not_started"
"S1-SQL-086","execute_call","server/db.ts","2586","TCG catalog","identifier_quoting","Remove MySQL backticks; use Drizzle identifiers or PostgreSQL quoting","const [rows] = await (db as any).execute(sql`","not_started"
"S1-SQL-087","sql_tag","server/db.ts","2586","TCG catalog","identifier_quoting","Remove MySQL backticks; use Drizzle identifiers or PostgreSQL quoting","const [rows] = await (db as any).execute(sql`","not_started"
"S1-SQL-088","sql_tag","server/db.ts","2670","TCG catalog","identifier_quoting","Remove MySQL backticks; use Drizzle identifiers or PostgreSQL quoting","const [cardCount] = await db.select({ count: sql<number>`COUNT(*)` }).from(cards);","not_started"
"S1-SQL-089","sql_tag","server/db.ts","2671","Pricing & market data","identifier_quoting","Remove MySQL backticks; use Drizzle identifiers or PostgreSQL quoting","const [priceCount] = await db.select({ count: sql<number>`COUNT(*)` }).from(priceHistory);","not_started"
"S1-SQL-090","sql_tag","server/db.ts","2672","Pricing & market data","identifier_quoting","Remove MySQL backticks; use Drizzle identifiers or PostgreSQL quoting","// const [searchCount] = await db.select({ count: sql<number>`COUNT(*)` }).from(userSearchLogs);","not_started"
"S1-SQL-091","sql_tag","server/db.ts","2681","TCG catalog","identifier_quoting","Remove MySQL backticks; use Drizzle identifiers or PostgreSQL quoting","priceChange: sql<number>`((MAX(${priceHistory.price}) - MIN(${priceHistory.price})) / MIN(${priceHistory.price}) * 100)`,","not_started"
"S1-SQL-092","sql_tag","server/db.ts","2686","TCG catalog","identifier_quoting","Remove MySQL backticks; use Drizzle identifiers or PostgreSQL quoting",".having(sql`COUNT(*) >= 2`);","not_started"
"S1-SQL-093","sql_tag","server/db.ts","2880","TCG catalog","identifier_quoting","Remove MySQL backticks; use Drizzle identifiers or PostgreSQL quoting","sql`${priceHistory.soldAt} IS NOT NULL`,","not_started"
"S1-SQL-094","sql_tag","server/db.ts","2932","TCG catalog","identifier_quoting","Remove MySQL backticks; use Drizzle identifiers or PostgreSQL quoting","sql`${priceHistory.soldAt} IS NOT NULL`","not_started"
"S1-SQL-095","sql_tag","server/db.ts","2961","TCG catalog","identifier_quoting","Remove MySQL backticks; use Drizzle identifiers or PostgreSQL quoting","sql`${priceHistory.soldAt} IS NOT NULL`","not_started"
"S1-SQL-096","sql_tag","server/db.ts","2999","TCG catalog","identifier_quoting","Remove MySQL backticks; use Drizzle identifiers or PostgreSQL quoting","sql`${priceHistory.soldAt} < ${trendCutoffDate}`,","not_started"
"S1-SQL-097","sql_tag","server/db.ts","3000","TCG catalog","identifier_quoting","Remove MySQL backticks; use Drizzle identifiers or PostgreSQL quoting","sql`${priceHistory.soldAt} IS NOT NULL`","not_started"
"S1-SQL-098","sql_tag","server/db.ts","3139","TCG catalog","identifier_quoting","Remove MySQL backticks; use Drizzle identifiers or PostgreSQL quoting",".orderBy(desc(sql`MAX(${userSearchLogs.createdAt})`));","not_started"
"S1-SQL-099","sql_tag","server/db.ts","3160","TCG catalog","identifier_quoting","Remove MySQL backticks; use Drizzle identifiers or PostgreSQL quoting","viewCount: sql<number>`COUNT(*)`.as('viewCount'),","not_started"
"S1-SQL-100","sql_tag","server/db.ts","3165","TCG catalog","identifier_quoting","Remove MySQL backticks; use Drizzle identifiers or PostgreSQL quoting",".orderBy(desc(sql`COUNT(*)`), desc(sql`MAX(${userSearchLogs.createdAt})`))","not_started"
"S1-SQL-101","sql_tag","server/db.ts","3165","TCG catalog","identifier_quoting","Remove MySQL backticks; use Drizzle identifiers or PostgreSQL quoting",".orderBy(desc(sql`COUNT(*)`), desc(sql`MAX(${userSearchLogs.createdAt})`))","not_started"
"S1-SQL-102","sql_tag","server/db.ts","3191","TCG catalog","identifier_quoting","Remove MySQL backticks; use Drizzle identifiers or PostgreSQL quoting","searchCount: sql<number>`COUNT(*)`.as('searchCount'),","not_started"
"S1-SQL-103","sql_tag","server/db.ts","3198","TCG catalog","identifier_quoting","Remove MySQL backticks; use Drizzle identifiers or PostgreSQL quoting",".having(sql`COUNT(*) >= 3`) // Minimum 3 searches to qualify (lowered from 10)","not_started"
"S1-SQL-104","sql_tag","server/db.ts","3199","TCG catalog","identifier_quoting","Remove MySQL backticks; use Drizzle identifiers or PostgreSQL quoting",".orderBy(desc(sql`COUNT(*)`))","not_started"
"S1-SQL-105","sql_tag","server/db.ts","3275","TCG catalog","identifier_quoting","Remove MySQL backticks; use Drizzle identifiers or PostgreSQL quoting","sql`${priceHistory.soldAt} IS NOT NULL`,","not_started"
"S1-SQL-106","sql_tag","server/db.ts","3394","TCG catalog","identifier_quoting","Remove MySQL backticks; use Drizzle identifiers or PostgreSQL quoting","sql`${priceHistory.soldAt} IS NOT NULL`,","not_started"
"S1-SQL-107","sql_tag","server/db.ts","3757","TCG catalog","identifier_quoting","Remove MySQL backticks; use Drizzle identifiers or PostgreSQL quoting",".select({ count: sql<number>`COUNT(*)` })","not_started"
"S1-SQL-108","sql_tag","server/db.ts","3843","TCG catalog","identifier_quoting","Remove MySQL backticks; use Drizzle identifiers or PostgreSQL quoting","const countResult = await db.select({ count: sql<number>`COUNT(*)` }).from(snkrdunkListingsCache);","not_started"
"S1-SQL-109","execute_call","server/db.ts","3910","TCG catalog","raw_select","Review casts, joins, order and pagination semantics",".execute();","not_started"
"S1-SQL-110","sql_tag","server/db.ts","3990","TCG catalog","identifier_quoting","Remove MySQL backticks; use Drizzle identifiers or PostgreSQL quoting",".orderBy(sql`RAND()`)","not_started"
"S1-SQL-111","sql_tag","server/db.ts","4012","TCG catalog","identifier_quoting","Remove MySQL backticks; use Drizzle identifiers or PostgreSQL quoting","count: sql<number>`count(*)`,","not_started"
"S1-SQL-112","sql_tag","server/db.ts","4131","Pricing & market data","identifier_quoting","Remove MySQL backticks; use Drizzle identifiers or PostgreSQL quoting","const result = await db.select({ count: sql<number>`count(*)` }).from(dataSources);","not_started"
"S1-SQL-113","sql_tag","server/db.ts","4148","Pricing & market data","identifier_quoting","Remove MySQL backticks; use Drizzle identifiers or PostgreSQL quoting",".select({ count: sql<number>`count(*)` })","not_started"
"S1-SQL-114","execute_call","server/db.ts","4171","Pricing & market data","identifier_quoting","Remove MySQL backticks; use Drizzle identifiers or PostgreSQL quoting","const result = await db.execute(sql`SELECT TABLE_ROWS FROM information_schema.TABLES WHERE TABLE_SCHEMA = DATABASE() AND TABLE_NAME = 'priceHistory'`) as any;","not_started"
"S1-SQL-115","sql_tag","server/db.ts","4171","Pricing & market data","identifier_quoting","Remove MySQL backticks; use Drizzle identifiers or PostgreSQL quoting","const result = await db.execute(sql`SELECT TABLE_ROWS FROM information_schema.TABLES WHERE TABLE_SCHEMA = DATABASE() AND TABLE_NAME = 'priceHistory'`) as any;","not_started"
"S1-SQL-116","sql_tag","server/db.ts","4403","Marketplace & transactions","identifier_quoting","Remove MySQL backticks; use Drizzle identifiers or PostgreSQL quoting","? sql`(${sellerProfiles.displayName} LIKE ${`%${search}%`} OR ${usersAlias.email} LIKE ${`%${search}%`} OR ${usersAlias.name} LIKE ${`%${search}%`})`","not_started"
"S1-SQL-117","sql_tag","server/db.ts","4413","Pricing & market data","identifier_quoting","Remove MySQL backticks; use Drizzle identifiers or PostgreSQL quoting",".select({ count: sql<number>`count(*)` })","not_started"
"S1-SQL-118","sql_tag","server/db.ts","4448","Pricing & market data","identifier_quoting","Remove MySQL backticks; use Drizzle identifiers or PostgreSQL quoting","if (minPrice != null) conditions.push(sql`${marketplaceListings.priceHkd} >= ${minPrice}`);","not_started"
"S1-SQL-119","sql_tag","server/db.ts","4449","Pricing & market data","identifier_quoting","Remove MySQL backticks; use Drizzle identifiers or PostgreSQL quoting","if (maxPrice != null) conditions.push(sql`${marketplaceListings.priceHkd} <= ${maxPrice}`);","not_started"
"S1-SQL-120","sql_tag","server/db.ts","4479","TCG catalog","identifier_quoting","Remove MySQL backticks; use Drizzle identifiers or PostgreSQL quoting","const countRows = await db.select({ count: sql<number>`count(*)` }).from(marketplaceListings).where(and(...conditions));","not_started"
"S1-SQL-121","sql_tag","server/db.ts","4484","TCG catalog","identifier_quoting","Remove MySQL backticks; use Drizzle identifiers or PostgreSQL quoting","count: sql<number>`count(*)`","not_started"
"S1-SQL-122","execute_call","server/db.ts","4577","Pricing & market data","identifier_quoting","Remove MySQL backticks; use Drizzle identifiers or PostgreSQL quoting","const result = await db.execute(","not_started"
"S1-SQL-123","sql_tag","server/db.ts","4578","Pricing & market data","identifier_quoting","Remove MySQL backticks; use Drizzle identifiers or PostgreSQL quoting","sql`UPDATE marketplaceListings","not_started"
"S1-SQL-124","execute_call","server/db.ts","4599","TCG catalog","identifier_quoting","Remove MySQL backticks; use Drizzle identifiers or PostgreSQL quoting","await db.execute(","not_started"
"S1-SQL-125","sql_tag","server/db.ts","4600","TCG catalog","identifier_quoting","Remove MySQL backticks; use Drizzle identifiers or PostgreSQL quoting","sql`UPDATE marketplaceListings","not_started"
"S1-SQL-126","sql_tag","server/db.ts","4620","Pricing & market data","identifier_quoting","Remove MySQL backticks; use Drizzle identifiers or PostgreSQL quoting","const countRows = await db.select({ count: sql<number>`count(*)` }).from(marketplaceListings)","not_started"
"S1-SQL-127","sql_tag","server/db.ts","4747","Pricing & market data","identifier_quoting","Remove MySQL backticks; use Drizzle identifiers or PostgreSQL quoting","conditions.push(sql`${marketplaceOrders.createdAt} >= ${new Date(dateFrom).getTime()}`);","not_started"
"S1-SQL-128","sql_tag","server/db.ts","4753","Pricing & market data","identifier_quoting","Remove MySQL backticks; use Drizzle identifiers or PostgreSQL quoting","conditions.push(sql`${marketplaceOrders.createdAt} < ${endDate.getTime()}`);","not_started"
"S1-SQL-129","sql_tag","server/db.ts","4759","Pricing & market data","identifier_quoting","Remove MySQL backticks; use Drizzle identifiers or PostgreSQL quoting","conditions.push(sql`${marketplaceOrders.payoutStatus} NOT IN ('paid', 'not_applicable')`);","not_started"
"S1-SQL-130","sql_tag","server/db.ts","4775","Pricing & market data","identifier_quoting","Remove MySQL backticks; use Drizzle identifiers or PostgreSQL quoting","conditions.push(sql`${marketplaceOrders.listingId} NOT IN (","not_started"
"S1-SQL-131","sql_tag","server/db.ts","4834","Pricing & market data","identifier_quoting","Remove MySQL backticks; use Drizzle identifiers or PostgreSQL quoting","sellerName: sql<string>`COALESCE(${sellerProfiles.displayName}, ${sellerAlias.name}, '平台自有商品')`,","not_started"
"S1-SQL-132","sql_tag","server/db.ts","4849","Pricing & market data","identifier_quoting","Remove MySQL backticks; use Drizzle identifiers or PostgreSQL quoting","const countRows = await db.select({ count: sql<number>`count(*)` }).from(marketplaceOrders)","not_started"
"S1-SQL-133","sql_tag","server/db.ts","4964","Pricing & market data","identifier_quoting","Remove MySQL backticks; use Drizzle identifiers or PostgreSQL quoting","sql`${marketplaceOrders.orderStatus} != 'pending_payment'`","not_started"
"S1-SQL-134","sql_tag","server/db.ts","5009","Pricing & market data","identifier_quoting","Remove MySQL backticks; use Drizzle identifiers or PostgreSQL quoting","sql`${marketplaceOrders.orderStatus} != 'pending_payment'`","not_started"
"S1-SQL-135","sql_tag","server/db.ts","5043","Pricing & market data","identifier_quoting","Remove MySQL backticks; use Drizzle identifiers or PostgreSQL quoting","status: sql<string>`'completed'`,","not_started"
"S1-SQL-136","sql_tag","server/db.ts","5068","Pricing & market data","identifier_quoting","Remove MySQL backticks; use Drizzle identifiers or PostgreSQL quoting","const [listingCount] = await db.select({ count: sql<number>`count(*)` }).from(marketplaceListings).where(eq(marketplaceListings.status, 'active'));","not_started"
"S1-SQL-137","sql_tag","server/db.ts","5069","Pricing & market data","identifier_quoting","Remove MySQL backticks; use Drizzle identifiers or PostgreSQL quoting","const [orderCount] = await db.select({ count: sql<number>`count(*)` }).from(marketplaceOrders);","not_started"
"S1-SQL-138","sql_tag","server/db.ts","5070","Pricing & market data","identifier_quoting","Remove MySQL backticks; use Drizzle identifiers or PostgreSQL quoting","const [pendingPaymentCount] = await db.select({ count: sql<number>`count(*)` }).from(marketplaceOrders)","not_started"
"S1-SQL-139","sql_tag","server/db.ts","5072","Pricing & market data","identifier_quoting","Remove MySQL backticks; use Drizzle identifiers or PostgreSQL quoting","const [pendingAlipay] = await db.select({ count: sql<number>`count(*)` }).from(marketplaceOrders)","not_started"
"S1-SQL-140","sql_tag","server/db.ts","5076","Pricing & market data","identifier_quoting","Remove MySQL backticks; use Drizzle identifiers or PostgreSQL quoting","sql`${marketplaceOrders.orderStatus} != 'cancelled'`,","not_started"
"S1-SQL-141","sql_tag","server/db.ts","5077","Pricing & market data","identifier_quoting","Remove MySQL backticks; use Drizzle identifiers or PostgreSQL quoting","sql`${marketplaceOrders.alipayProofImageUrl} IS NOT NULL`","not_started"
"S1-SQL-142","sql_tag","server/db.ts","5079","Pricing & market data","identifier_quoting","Remove MySQL backticks; use Drizzle identifiers or PostgreSQL quoting","const [sellerCount] = await db.select({ count: sql<number>`count(*)` }).from(sellerProfiles).where(eq(sellerProfiles.isActive, true));","not_started"
"S1-SQL-143","sql_tag","server/db.ts","5083","Pricing & market data","identifier_quoting","Remove MySQL backticks; use Drizzle identifiers or PostgreSQL quoting","const [pendingAuctionReview] = await db.select({ count: sql<number>`count(*)` }).from(marketplaceListings).where(and(eq(marketplaceListings.listingMode as any, 'auction'), eq(marketplaceListings.isHighValueReview as any, true), eq(marketplaceListings.status, 'active')));","not_started"
"S1-SQL-144","sql_tag","server/db.ts","5085","Pricing & market data","identifier_quoting","Remove MySQL backticks; use Drizzle identifiers or PostgreSQL quoting","const [disputeCount] = await db.select({ count: sql<number>`count(*)` }).from(marketplaceOrders).where(eq(marketplaceOrders.orderStatus, 'disputed'));","not_started"
"S1-SQL-145","sql_tag","server/db.ts","5089","Pricing & market data","identifier_quoting","Remove MySQL backticks; use Drizzle identifiers or PostgreSQL quoting","totalSales: sql<string>`COALESCE(SUM(subtotalHkd), 0)`,","not_started"
"S1-SQL-146","sql_tag","server/db.ts","5090","Pricing & market data","identifier_quoting","Remove MySQL backticks; use Drizzle identifiers or PostgreSQL quoting","completedCount: sql<number>`count(*)`,","not_started"
"S1-SQL-147","sql_tag","server/db.ts","5094","Pricing & market data","identifier_quoting","Remove MySQL backticks; use Drizzle identifiers or PostgreSQL quoting","totalFees: sql<string>`COALESCE(SUM(platformFeeHkd), 0)`,","not_started"
"S1-SQL-148","sql_tag","server/db.ts","5106","Pricing & market data","identifier_quoting","Remove MySQL backticks; use Drizzle identifiers or PostgreSQL quoting","total: sql<string>`COALESCE(SUM(subtotalHkd), 0)`,","not_started"
"S1-SQL-149","sql_tag","server/db.ts","5108","Pricing & market data","identifier_quoting","Remove MySQL backticks; use Drizzle identifiers or PostgreSQL quoting",".where(and(inArray(marketplaceOrders.orderStatus, paidStatuses as any[]), sql`createdAt >= ${firstDayOfMonth}`));","not_started"
"S1-SQL-150","sql_tag","server/db.ts","5110","Pricing & market data","identifier_quoting","Remove MySQL backticks; use Drizzle identifiers or PostgreSQL quoting","total: sql<string>`COALESCE(SUM(subtotalHkd), 0)`,","not_started"
"S1-SQL-151","sql_tag","server/db.ts","5112","Pricing & market data","identifier_quoting","Remove MySQL backticks; use Drizzle identifiers or PostgreSQL quoting",".where(and(inArray(marketplaceOrders.orderStatus, paidStatuses as any[]), sql`createdAt >= ${firstDayOfLastMonth}`, sql`createdAt < ${firstDayOfMonth}`));","not_started"
"S1-SQL-152","sql_tag","server/db.ts","5112","Pricing & market data","identifier_quoting","Remove MySQL backticks; use Drizzle identifiers or PostgreSQL quoting",".where(and(inArray(marketplaceOrders.orderStatus, paidStatuses as any[]), sql`createdAt >= ${firstDayOfLastMonth}`, sql`createdAt < ${firstDayOfMonth}`));","not_started"
"S1-SQL-153","sql_tag","server/db.ts","5114","Pricing & market data","identifier_quoting","Remove MySQL backticks; use Drizzle identifiers or PostgreSQL quoting","const [stripeCount] = await db.select({ count: sql<number>`count(*)` }).from(marketplaceOrders)","not_started"
"S1-SQL-154","sql_tag","server/db.ts","5116","Pricing & market data","identifier_quoting","Remove MySQL backticks; use Drizzle identifiers or PostgreSQL quoting","const [alipayCount] = await db.select({ count: sql<number>`count(*)` }).from(marketplaceOrders)","not_started"
"S1-SQL-155","sql_tag","server/db.ts","5119","Pricing & market data","identifier_quoting","Remove MySQL backticks; use Drizzle identifiers or PostgreSQL quoting","const [thisMonthCancelledOrders] = await db.select({ count: sql<number>`count(*)` }).from(marketplaceOrders)","not_started"
"S1-SQL-156","sql_tag","server/db.ts","5122","Pricing & market data","identifier_quoting","Remove MySQL backticks; use Drizzle identifiers or PostgreSQL quoting","sql`createdAt >= ${firstDayOfMonth}`","not_started"
"S1-SQL-157","sql_tag","server/db.ts","5125","Pricing & market data","identifier_quoting","Remove MySQL backticks; use Drizzle identifiers or PostgreSQL quoting","const [pendingProofCount] = await db.select({ count: sql<number>`count(*)` }).from(marketplaceOrders)","not_started"
"S1-SQL-158","sql_tag","server/db.ts","5128","Pricing & market data","identifier_quoting","Remove MySQL backticks; use Drizzle identifiers or PostgreSQL quoting","sql`${marketplaceOrders.alipayProofSubmittedAt} IS NOT NULL`","not_started"
"S1-SQL-159","sql_tag","server/db.ts","5131","Pricing & market data","identifier_quoting","Remove MySQL backticks; use Drizzle identifiers or PostgreSQL quoting","const [todayRejectedProofCount] = await db.select({ count: sql<number>`count(*)` }).from(marketplaceOrders)","not_started"
"S1-SQL-160","sql_tag","server/db.ts","5134","Pricing & market data","identifier_quoting","Remove MySQL backticks; use Drizzle identifiers or PostgreSQL quoting","sql`${marketplaceOrders.alipayProofSubmittedAt} >= ${todayStartMs.getTime()}`","not_started"
"S1-SQL-161","sql_tag","server/db.ts","5137","Pricing & market data","identifier_quoting","Remove MySQL backticks; use Drizzle identifiers or PostgreSQL quoting","const [overdueProofCount] = await db.select({ count: sql<number>`count(*)` }).from(marketplaceOrders)","not_started"
"S1-SQL-162","sql_tag","server/db.ts","5140","Pricing & market data","identifier_quoting","Remove MySQL backticks; use Drizzle identifiers or PostgreSQL quoting","sql`${marketplaceOrders.alipayProofSubmittedAt} IS NOT NULL`,","not_started"
"S1-SQL-163","sql_tag","server/db.ts","5141","Pricing & market data","identifier_quoting","Remove MySQL backticks; use Drizzle identifiers or PostgreSQL quoting","sql`${marketplaceOrders.alipayProofSubmittedAt} < ${fortyEightHoursAgoMs}`","not_started"
"S1-SQL-164","sql_tag","server/db.ts","5302","Pricing & market data","identifier_quoting","Remove MySQL backticks; use Drizzle identifiers or PostgreSQL quoting","const countRows = await db.select({ count: sql<number>`count(*)` }).from(marketplaceOrders)","not_started"
"S1-SQL-165","sql_tag","server/db.ts","5321","Pricing & market data","identifier_quoting","Remove MySQL backticks; use Drizzle identifiers or PostgreSQL quoting","avg: sql<string>`AVG(rating)`,","not_started"
"S1-SQL-166","sql_tag","server/db.ts","5322","Pricing & market data","identifier_quoting","Remove MySQL backticks; use Drizzle identifiers or PostgreSQL quoting","cnt: sql<number>`COUNT(*)`,","not_started"
"S1-SQL-167","sql_tag","server/db.ts","5345","Pricing & market data","identifier_quoting","Remove MySQL backticks; use Drizzle identifiers or PostgreSQL quoting","const countRows = await db.select({ count: sql<number>`count(*)` }).from(marketplaceReviews)","not_started"
"S1-SQL-168","sql_tag","server/db.ts","5518","Marketplace & transactions","identifier_quoting","Remove MySQL backticks; use Drizzle identifiers or PostgreSQL quoting","sql`${offers.id} != ${acceptedOfferId}`","not_started"
"S1-SQL-169","sql_tag","server/db.ts","5526","Marketplace & transactions","identifier_quoting","Remove MySQL backticks; use Drizzle identifiers or PostgreSQL quoting","sql`${offers.id} != ${acceptedOfferId}`","not_started"
"S1-SQL-170","sql_tag","server/db.ts","5546","Marketplace & transactions","identifier_quoting","Remove MySQL backticks; use Drizzle identifiers or PostgreSQL quoting","const [countResult] = await db.select({ count: sql<number>`count(*)` }).from(listingReports).where(conditions.length ? and(...conditions) : undefined);","not_started"
"S1-SQL-171","sql_tag","server/db.ts","5571","Marketplace & transactions","date_time","Replace with date_trunc/to_char/interval and UTC contract","yearMonth: sql<string>`DATE_FORMAT(createdAt, '%Y-%m')`,","not_started"
"S1-SQL-172","sql_tag","server/db.ts","5572","Marketplace & transactions","identifier_quoting","Remove MySQL backticks; use Drizzle identifiers or PostgreSQL quoting","totalSales: sql<string>`COALESCE(SUM(subtotalHkd), 0)`,","not_started"
"S1-SQL-173","sql_tag","server/db.ts","5573","Marketplace & transactions","identifier_quoting","Remove MySQL backticks; use Drizzle identifiers or PostgreSQL quoting","orderCount: sql<number>`count(*)`,","not_started"
"S1-SQL-174","sql_tag","server/db.ts","5574","Marketplace & transactions","identifier_quoting","Remove MySQL backticks; use Drizzle identifiers or PostgreSQL quoting","stripeCount: sql<number>`SUM(CASE WHEN paymentMethod = 'stripe' THEN 1 ELSE 0 END)`,","not_started"
"S1-SQL-175","sql_tag","server/db.ts","5575","Marketplace & transactions","identifier_quoting","Remove MySQL backticks; use Drizzle identifiers or PostgreSQL quoting","alipayCount: sql<number>`SUM(CASE WHEN paymentMethod = 'alipay_hk' THEN 1 ELSE 0 END)`,","not_started"
"S1-SQL-176","sql_tag","server/db.ts","5576","Marketplace & transactions","identifier_quoting","Remove MySQL backticks; use Drizzle identifiers or PostgreSQL quoting","platformSales: sql<string>`COALESCE(SUM(CASE WHEN sellerType = 'platform' THEN subtotalHkd ELSE 0 END), 0)`,","not_started"
"S1-SQL-177","sql_tag","server/db.ts","5577","Marketplace & transactions","identifier_quoting","Remove MySQL backticks; use Drizzle identifiers or PostgreSQL quoting","sellerSales: sql<string>`COALESCE(SUM(CASE WHEN sellerType = 'seller' THEN subtotalHkd ELSE 0 END), 0)`,","not_started"
"S1-SQL-178","sql_tag","server/db.ts","5578","Marketplace & transactions","identifier_quoting","Remove MySQL backticks; use Drizzle identifiers or PostgreSQL quoting","sellerFees: sql<string>`COALESCE(SUM(CASE WHEN sellerType = 'seller' THEN platformFeeHkd ELSE 0 END), 0)`,","not_started"
"S1-SQL-179","sql_tag","server/db.ts","5580","Marketplace & transactions","identifier_quoting","Remove MySQL backticks; use Drizzle identifiers or PostgreSQL quoting","auctionSales: sql<string>`COALESCE(SUM(CASE WHEN orderSource = 'auction' THEN subtotalHkd ELSE 0 END), 0)`,","not_started"
"S1-SQL-180","sql_tag","server/db.ts","5581","Marketplace & transactions","identifier_quoting","Remove MySQL backticks; use Drizzle identifiers or PostgreSQL quoting","auctionCount: sql<number>`SUM(CASE WHEN orderSource = 'auction' THEN 1 ELSE 0 END)`,","not_started"
"S1-SQL-181","sql_tag","server/db.ts","5582","Pricing & market data","identifier_quoting","Remove MySQL backticks; use Drizzle identifiers or PostgreSQL quoting","auctionPlatformSales: sql<string>`COALESCE(SUM(CASE WHEN orderSource = 'auction' AND sellerType = 'platform' THEN subtotalHkd ELSE 0 END), 0)`,","not_started"
"S1-SQL-182","sql_tag","server/db.ts","5583","Pricing & market data","date_time","Replace with date_trunc/to_char/interval and UTC contract","auctionSellerFees: sql<string>`COALESCE(SUM(CASE WHEN orderSource = 'auction' AND sellerType = 'seller' THEN platformFeeHkd ELSE 0 END), 0)`,","not_started"
"S1-SQL-183","sql_tag","server/db.ts","5584","Pricing & market data","date_time","Replace with date_trunc/to_char/interval and UTC contract","directSales: sql<string>`COALESCE(SUM(CASE WHEN orderSource != 'auction' THEN subtotalHkd ELSE 0 END), 0)`,","not_started"
"S1-SQL-184","sql_tag","server/db.ts","5585","Pricing & market data","date_time","Replace with date_trunc/to_char/interval and UTC contract","directCount: sql<number>`SUM(CASE WHEN orderSource != 'auction' THEN 1 ELSE 0 END)`,","not_started"
"S1-SQL-185","sql_tag","server/db.ts","5589","Marketplace & transactions","date_time","Replace with date_trunc/to_char/interval and UTC contract",".groupBy(sql`DATE_FORMAT(createdAt, '%Y-%m')`)","not_started"
"S1-SQL-186","sql_tag","server/db.ts","5590","Pricing & market data","date_time","Replace with date_trunc/to_char/interval and UTC contract",".orderBy(sql`DATE_FORMAT(createdAt, '%Y-%m') DESC`)","not_started"
"S1-SQL-187","sql_tag","server/db.ts","5595","Pricing & market data","date_time","Replace with date_trunc/to_char/interval and UTC contract","yearMonth: sql<string>`DATE_FORMAT(createdAt, '%Y-%m')`,","not_started"
"S1-SQL-188","sql_tag","server/db.ts","5596","Pricing & market data","date_time","Replace with date_trunc/to_char/interval and UTC contract","refundedCount: sql<number>`SUM(CASE WHEN orderStatus = 'refunded' THEN 1 ELSE 0 END)`,","not_started"
"S1-SQL-189","sql_tag","server/db.ts","5597","Pricing & market data","date_time","Replace with date_trunc/to_char/interval and UTC contract","cancelledCount: sql<number>`SUM(CASE WHEN orderStatus = 'cancelled' THEN 1 ELSE 0 END)`,","not_started"
"S1-SQL-190","sql_tag","server/db.ts","5598","Pricing & market data","date_time","Replace with date_trunc/to_char/interval and UTC contract","refundedAmount: sql<string>`COALESCE(SUM(CASE WHEN orderStatus = 'refunded' THEN subtotalHkd ELSE 0 END), 0)`,","not_started"
"S1-SQL-191","sql_tag","server/db.ts","5602","Marketplace & transactions","date_time","Replace with date_trunc/to_char/interval and UTC contract",".groupBy(sql`DATE_FORMAT(createdAt, '%Y-%m')`)","not_started"
"S1-SQL-192","sql_tag","server/db.ts","5603","Platform domain (manual owner assignment required)","date_time","Replace with date_trunc/to_char/interval and UTC contract",".orderBy(sql`DATE_FORMAT(createdAt, '%Y-%m') DESC`);","not_started"
"S1-SQL-193","sql_tag","server/db.ts","5619","Marketplace & transactions","identifier_quoting","Remove MySQL backticks; use Drizzle identifiers or PostgreSQL quoting","totalSales: sql<string>`COALESCE(SUM(subtotalHkd), 0)`,","not_started"
"S1-SQL-194","sql_tag","server/db.ts","5620","Marketplace & transactions","identifier_quoting","Remove MySQL backticks; use Drizzle identifiers or PostgreSQL quoting","totalFees: sql<string>`COALESCE(SUM(CASE WHEN sellerType = 'seller' THEN platformFeeHkd ELSE 0 END), 0)`,","not_started"
"S1-SQL-195","sql_tag","server/db.ts","5621","Marketplace & transactions","identifier_quoting","Remove MySQL backticks; use Drizzle identifiers or PostgreSQL quoting","totalOrders: sql<number>`count(*)`,","not_started"
"S1-SQL-196","sql_tag","server/db.ts","5622","Marketplace & transactions","identifier_quoting","Remove MySQL backticks; use Drizzle identifiers or PostgreSQL quoting","platformSales: sql<string>`COALESCE(SUM(CASE WHEN sellerType = 'platform' THEN subtotalHkd ELSE 0 END), 0)`,","not_started"
"S1-SQL-197","sql_tag","server/db.ts","5623","Marketplace & transactions","identifier_quoting","Remove MySQL backticks; use Drizzle identifiers or PostgreSQL quoting","sellerSales: sql<string>`COALESCE(SUM(CASE WHEN sellerType = 'seller' THEN subtotalHkd ELSE 0 END), 0)`,","not_started"
"S1-SQL-198","sql_tag","server/db.ts","5624","Marketplace & transactions","identifier_quoting","Remove MySQL backticks; use Drizzle identifiers or PostgreSQL quoting","sellerReceivable: sql<string>`COALESCE(SUM(CASE WHEN sellerType = 'seller' THEN sellerReceivableHkd ELSE 0 END), 0)`,","not_started"
"S1-SQL-199","sql_tag","server/db.ts","5625","Marketplace & transactions","identifier_quoting","Remove MySQL backticks; use Drizzle identifiers or PostgreSQL quoting","stripeCount: sql<number>`SUM(CASE WHEN paymentMethod = 'stripe' THEN 1 ELSE 0 END)`,","not_started"
"S1-SQL-200","sql_tag","server/db.ts","5626","Marketplace & transactions","identifier_quoting","Remove MySQL backticks; use Drizzle identifiers or PostgreSQL quoting","alipayCount: sql<number>`SUM(CASE WHEN paymentMethod = 'alipay_hk' THEN 1 ELSE 0 END)`,","not_started"
"S1-SQL-201","sql_tag","server/db.ts","5627","Marketplace & transactions","identifier_quoting","Remove MySQL backticks; use Drizzle identifiers or PostgreSQL quoting","stripeSales: sql<string>`COALESCE(SUM(CASE WHEN paymentMethod = 'stripe' THEN subtotalHkd ELSE 0 END), 0)`,","not_started"
"S1-SQL-202","sql_tag","server/db.ts","5628","Marketplace & transactions","identifier_quoting","Remove MySQL backticks; use Drizzle identifiers or PostgreSQL quoting","alipaySales: sql<string>`COALESCE(SUM(CASE WHEN paymentMethod = 'alipay_hk' THEN subtotalHkd ELSE 0 END), 0)`,","not_started"
"S1-SQL-203","sql_tag","server/db.ts","5629","Marketplace & transactions","identifier_quoting","Remove MySQL backticks; use Drizzle identifiers or PostgreSQL quoting","stripePlatformSales: sql<string>`COALESCE(SUM(CASE WHEN paymentMethod = 'stripe' AND sellerType = 'platform' THEN subtotalHkd ELSE 0 END), 0)`,","not_started"
"S1-SQL-204","sql_tag","server/db.ts","5630","Marketplace & transactions","identifier_quoting","Remove MySQL backticks; use Drizzle identifiers or PostgreSQL quoting","alipayPlatformSales: sql<string>`COALESCE(SUM(CASE WHEN paymentMethod = 'alipay_hk' AND sellerType = 'platform' THEN subtotalHkd ELSE 0 END), 0)`,","not_started"
"S1-SQL-205","sql_tag","server/db.ts","5631","Marketplace & transactions","identifier_quoting","Remove MySQL backticks; use Drizzle identifiers or PostgreSQL quoting","stripeSellerFees: sql<string>`COALESCE(SUM(CASE WHEN paymentMethod = 'stripe' AND sellerType = 'seller' THEN platformFeeHkd ELSE 0 END), 0)`,","not_started"
"S1-SQL-206","sql_tag","server/db.ts","5632","Marketplace & transactions","identifier_quoting","Remove MySQL backticks; use Drizzle identifiers or PostgreSQL quoting","alipaySellerFees: sql<string>`COALESCE(SUM(CASE WHEN paymentMethod = 'alipay_hk' AND sellerType = 'seller' THEN platformFeeHkd ELSE 0 END), 0)`,","not_started"
"S1-SQL-207","sql_tag","server/db.ts","5634","Marketplace & transactions","identifier_quoting","Remove MySQL backticks; use Drizzle identifiers or PostgreSQL quoting","auctionSales: sql<string>`COALESCE(SUM(CASE WHEN orderSource = 'auction' THEN subtotalHkd ELSE 0 END), 0)`,","not_started"
"S1-SQL-208","sql_tag","server/db.ts","5635","Marketplace & transactions","identifier_quoting","Remove MySQL backticks; use Drizzle identifiers or PostgreSQL quoting","auctionCount: sql<number>`SUM(CASE WHEN orderSource = 'auction' THEN 1 ELSE 0 END)`,","not_started"
"S1-SQL-209","sql_tag","server/db.ts","5636","Marketplace & transactions","identifier_quoting","Remove MySQL backticks; use Drizzle identifiers or PostgreSQL quoting","auctionPlatformSales: sql<string>`COALESCE(SUM(CASE WHEN orderSource = 'auction' AND sellerType = 'platform' THEN subtotalHkd ELSE 0 END), 0)`,","not_started"
"S1-SQL-210","sql_tag","server/db.ts","5637","Marketplace & transactions","identifier_quoting","Remove MySQL backticks; use Drizzle identifiers or PostgreSQL quoting","auctionSellerSales: sql<string>`COALESCE(SUM(CASE WHEN orderSource = 'auction' AND sellerType = 'seller' THEN subtotalHkd ELSE 0 END), 0)`,","not_started"
"S1-SQL-211","sql_tag","server/db.ts","5638","Marketplace & transactions","identifier_quoting","Remove MySQL backticks; use Drizzle identifiers or PostgreSQL quoting","auctionSellerFees: sql<string>`COALESCE(SUM(CASE WHEN orderSource = 'auction' AND sellerType = 'seller' THEN platformFeeHkd ELSE 0 END), 0)`,","not_started"
"S1-SQL-212","sql_tag","server/db.ts","5639","Pricing & market data","identifier_quoting","Remove MySQL backticks; use Drizzle identifiers or PostgreSQL quoting","directSales: sql<string>`COALESCE(SUM(CASE WHEN orderSource != 'auction' THEN subtotalHkd ELSE 0 END), 0)`,","not_started"
"S1-SQL-213","sql_tag","server/db.ts","5640","Pricing & market data","identifier_quoting","Remove MySQL backticks; use Drizzle identifiers or PostgreSQL quoting","directCount: sql<number>`SUM(CASE WHEN orderSource != 'auction' THEN 1 ELSE 0 END)`,","not_started"
"S1-SQL-214","sql_tag","server/db.ts","5641","Pricing & market data","identifier_quoting","Remove MySQL backticks; use Drizzle identifiers or PostgreSQL quoting","directPlatformSales: sql<string>`COALESCE(SUM(CASE WHEN orderSource != 'auction' AND sellerType = 'platform' THEN subtotalHkd ELSE 0 END), 0)`,","not_started"
"S1-SQL-215","sql_tag","server/db.ts","5642","Pricing & market data","identifier_quoting","Remove MySQL backticks; use Drizzle identifiers or PostgreSQL quoting","directSellerFees: sql<string>`COALESCE(SUM(CASE WHEN orderSource != 'auction' AND sellerType = 'seller' THEN platformFeeHkd ELSE 0 END), 0)`,","not_started"
"S1-SQL-216","sql_tag","server/db.ts","5647","Pricing & market data","date_time","Replace with date_trunc/to_char/interval and UTC contract","refundedCount: sql<number>`SUM(CASE WHEN orderStatus = 'refunded' THEN 1 ELSE 0 END)`,","not_started"
"S1-SQL-217","sql_tag","server/db.ts","5648","Pricing & market data","date_time","Replace with date_trunc/to_char/interval and UTC contract","cancelledCount: sql<number>`SUM(CASE WHEN orderStatus = 'cancelled' THEN 1 ELSE 0 END)`,","not_started"
"S1-SQL-218","sql_tag","server/db.ts","5649","Pricing & market data","date_time","Replace with date_trunc/to_char/interval and UTC contract","refundedAmount: sql<string>`COALESCE(SUM(CASE WHEN orderStatus = 'refunded' THEN subtotalHkd ELSE 0 END), 0)`,","not_started"
"S1-SQL-219","sql_tag","server/db.ts","5654","Platform domain (manual owner assignment required)","date_time","Replace with date_trunc/to_char/interval and UTC contract","yearMonth: sql<string>`DATE_FORMAT(createdAt, '%Y-%m')`,","not_started"
"S1-SQL-220","sql_tag","server/db.ts","5655","Marketplace & transactions","date_time","Replace with date_trunc/to_char/interval and UTC contract","gradingRevenue: sql<string>`COALESCE(SUM(totalFeeHkd), 0)`,","not_started"
"S1-SQL-221","sql_tag","server/db.ts","5656","Marketplace & transactions","date_time","Replace with date_trunc/to_char/interval and UTC contract","gradingCount: sql<number>`count(*)`,","not_started"
"S1-SQL-222","sql_tag","server/db.ts","5657","Marketplace & transactions","date_time","Replace with date_trunc/to_char/interval and UTC contract","upgradeRevenue: sql<string>`COALESCE(SUM(CASE WHEN upgradePaidAt IS NOT NULL THEN upgradeDiffFeeHkd ELSE 0 END), 0)`,","not_started"
"S1-SQL-223","sql_tag","server/db.ts","5658","Marketplace & transactions","date_time","Replace with date_trunc/to_char/interval and UTC contract","upgradeCount: sql<number>`SUM(CASE WHEN upgradePaidAt IS NOT NULL THEN 1 ELSE 0 END)`,","not_started"
"S1-SQL-224","sql_tag","server/db.ts","5662","Marketplace & transactions","date_time","Replace with date_trunc/to_char/interval and UTC contract",".groupBy(sql`DATE_FORMAT(createdAt, '%Y-%m')`)","not_started"
"S1-SQL-225","sql_tag","server/db.ts","5663","Platform domain (manual owner assignment required)","date_time","Replace with date_trunc/to_char/interval and UTC contract",".orderBy(sql`DATE_FORMAT(createdAt, '%Y-%m') DESC`);","not_started"
"S1-SQL-226","sql_tag","server/db.ts","5680","Marketplace & transactions","identifier_quoting","Remove MySQL backticks; use Drizzle identifiers or PostgreSQL quoting","totalGradingRevenue: sql<string>`COALESCE(SUM(totalFeeHkd), 0)`,","not_started"
"S1-SQL-227","sql_tag","server/db.ts","5681","Marketplace & transactions","identifier_quoting","Remove MySQL backticks; use Drizzle identifiers or PostgreSQL quoting","totalGradingCount: sql<number>`count(*)`,","not_started"
"S1-SQL-228","sql_tag","server/db.ts","5682","Marketplace & transactions","identifier_quoting","Remove MySQL backticks; use Drizzle identifiers or PostgreSQL quoting","totalUpgradeRevenue: sql<string>`COALESCE(SUM(CASE WHEN upgradePaidAt IS NOT NULL THEN upgradeDiffFeeHkd ELSE 0 END), 0)`,","not_started"
"S1-SQL-229","sql_tag","server/db.ts","5683","Marketplace & transactions","identifier_quoting","Remove MySQL backticks; use Drizzle identifiers or PostgreSQL quoting","totalUpgradeCount: sql<number>`SUM(CASE WHEN upgradePaidAt IS NOT NULL THEN 1 ELSE 0 END)`,","not_started"
"S1-SQL-230","sql_tag","server/db.ts","5684","Marketplace & transactions","identifier_quoting","Remove MySQL backticks; use Drizzle identifiers or PostgreSQL quoting","stripeGradingRevenue: sql<string>`COALESCE(SUM(CASE WHEN paymentMethod = 'stripe' THEN totalFeeHkd ELSE 0 END), 0)`,","not_started"
"S1-SQL-231","sql_tag","server/db.ts","5685","Marketplace & transactions","identifier_quoting","Remove MySQL backticks; use Drizzle identifiers or PostgreSQL quoting","stripeGradingCount: sql<number>`SUM(CASE WHEN paymentMethod = 'stripe' THEN 1 ELSE 0 END)`,","not_started"
"S1-SQL-232","sql_tag","server/db.ts","5686","Marketplace & transactions","identifier_quoting","Remove MySQL backticks; use Drizzle identifiers or PostgreSQL quoting","alipayGradingRevenue: sql<string>`COALESCE(SUM(CASE WHEN paymentMethod = 'alipay_hk' THEN totalFeeHkd ELSE 0 END), 0)`,","not_started"
"S1-SQL-233","sql_tag","server/db.ts","5687","Marketplace & transactions","identifier_quoting","Remove MySQL backticks; use Drizzle identifiers or PostgreSQL quoting","alipayGradingCount: sql<number>`SUM(CASE WHEN paymentMethod = 'alipay_hk' THEN 1 ELSE 0 END)`,","not_started"
"S1-SQL-234","sql_tag","server/db.ts","5695","Operations & platform","identifier_quoting","Remove MySQL backticks; use Drizzle identifiers or PostgreSQL quoting","totalBatchCost: sql<string>`COALESCE(SUM(batchCostHkd), 0)`,","not_started"
"S1-SQL-235","sql_tag","server/db.ts","5696","Operations & platform","identifier_quoting","Remove MySQL backticks; use Drizzle identifiers or PostgreSQL quoting","batchCount: sql<number>`count(*)`,","not_started"
"S1-SQL-236","sql_tag","server/db.ts","5701","Pricing & market data","identifier_quoting","Remove MySQL backticks; use Drizzle identifiers or PostgreSQL quoting","paidOutAmount: sql<string>`COALESCE(SUM(CASE WHEN payoutStatus = 'paid' THEN sellerReceivableHkd ELSE 0 END), 0)`,","not_started"
"S1-SQL-237","sql_tag","server/db.ts","5702","Pricing & market data","identifier_quoting","Remove MySQL backticks; use Drizzle identifiers or PostgreSQL quoting","pendingPayoutAmount: sql<string>`COALESCE(SUM(CASE WHEN payoutStatus IN ('processing', 'pending') AND sellerType = 'seller' THEN sellerReceivableHkd ELSE 0 END), 0)`,","not_started"
"S1-SQL-238","sql_tag","server/db.ts","5703","Pricing & market data","identifier_quoting","Remove MySQL backticks; use Drizzle identifiers or PostgreSQL quoting","pendingPayoutCount: sql<number>`SUM(CASE WHEN payoutStatus IN ('processing', 'pending') AND sellerType = 'seller' THEN 1 ELSE 0 END)`,","not_started"
"S1-SQL-239","sql_tag","server/db.ts","5704","Pricing & market data","identifier_quoting","Remove MySQL backticks; use Drizzle identifiers or PostgreSQL quoting","paidOutCount: sql<number>`SUM(CASE WHEN payoutStatus = 'paid' THEN 1 ELSE 0 END)`,","not_started"
"S1-SQL-240","sql_tag","server/db.ts","5852","Pricing & market data","date_time","Replace with date_trunc/to_char/interval and UTC contract","sql`DATE_FORMAT(${marketplaceOrders.createdAt}, '%Y-%m') = ${yearMonth}`","not_started"
"S1-SQL-241","sql_tag","server/db.ts","5859","Pricing & market data","date_time","Replace with date_trunc/to_char/interval and UTC contract","const [countRow] = await db.select({ total: sql<number>`count(*)` })","not_started"
"S1-SQL-242","sql_tag","server/db.ts","5865","Pricing & market data","date_time","Replace with date_trunc/to_char/interval and UTC contract","sql`DATE_FORMAT(${marketplaceOrders.createdAt}, '%Y-%m') = ${yearMonth}`","not_started"
"S1-SQL-243","sql_tag","server/db.ts","5914","Pricing & market data","date_time","Replace with date_trunc/to_char/interval and UTC contract","sellerUserName: sql<string>`seller_users.name`,","not_started"
"S1-SQL-244","sql_tag","server/db.ts","5920","Pricing & market data","date_time","Replace with date_trunc/to_char/interval and UTC contract",".leftJoin(sql`users as seller_users`, sql`seller_users.id = ${sellerProfiles.userId}`)","not_started"
"S1-SQL-245","sql_tag","server/db.ts","5920","Pricing & market data","date_time","Replace with date_trunc/to_char/interval and UTC contract",".leftJoin(sql`users as seller_users`, sql`seller_users.id = ${sellerProfiles.userId}`)","not_started"
"S1-SQL-246","sql_tag","server/db.ts","5924","Pricing & market data","date_time","Replace with date_trunc/to_char/interval and UTC contract","sql`DATE_FORMAT(${marketplaceOrders.createdAt}, '%Y-%m') = ${yearMonth}`","not_started"
"S1-SQL-247","sql_tag","server/db.ts","5931","Pricing & market data","date_time","Replace with date_trunc/to_char/interval and UTC contract","const [countRow] = await db.select({ total: sql<number>`count(DISTINCT ${marketplaceOrders.id})` })","not_started"
"S1-SQL-248","sql_tag","server/db.ts","5936","Pricing & market data","date_time","Replace with date_trunc/to_char/interval and UTC contract","sql`DATE_FORMAT(${marketplaceOrders.createdAt}, '%Y-%m') = ${yearMonth}`","not_started"
"S1-SQL-249","sql_tag","server/db.ts","5990","Pricing & market data","identifier_quoting","Remove MySQL backticks; use Drizzle identifiers or PostgreSQL quoting","const listingCountRows = await db.select({ count: sql<number>`count(*)` }).from(marketplaceListings).where(eq(marketplaceListings.sellerId, sellerId));","not_started"
"S1-SQL-250","sql_tag","server/db.ts","5993","Pricing & market data","identifier_quoting","Remove MySQL backticks; use Drizzle identifiers or PostgreSQL quoting","const activeListingCountRows = await db.select({ count: sql<number>`count(*)` }).from(marketplaceListings).where(and(eq(marketplaceListings.sellerId, sellerId), eq(marketplaceListings.status, 'active')));","not_started"
"S1-SQL-251","sql_tag","server/db.ts","5996","Pricing & market data","identifier_quoting","Remove MySQL backticks; use Drizzle identifiers or PostgreSQL quoting","const orderCountRows = await db.select({ count: sql<number>`count(*)` }).from(marketplaceOrders).where(eq(marketplaceOrders.sellerId, sellerId));","not_started"
"S1-SQL-252","sql_tag","server/db.ts","5999","Pricing & market data","identifier_quoting","Remove MySQL backticks; use Drizzle identifiers or PostgreSQL quoting","const completedOrderRows = await db.select({ count: sql<number>`count(*)`, revenue: sql<number>`sum(sellerReceivableHkd)` }).from(marketplaceOrders).where(and(eq(marketplaceOrders.sellerId, sellerId), eq(marketplaceOrders.orderStatus, 'completed')));","not_started"
"S1-SQL-253","sql_tag","server/db.ts","5999","Pricing & market data","identifier_quoting","Remove MySQL backticks; use Drizzle identifiers or PostgreSQL quoting","const completedOrderRows = await db.select({ count: sql<number>`count(*)`, revenue: sql<number>`sum(sellerReceivableHkd)` }).from(marketplaceOrders).where(and(eq(marketplaceOrders.sellerId, sellerId), eq(marketplaceOrders.orderStatus, 'completed')));","not_started"
"S1-SQL-254","sql_tag","server/db.ts","6025","Pricing & market data","identifier_quoting","Remove MySQL backticks; use Drizzle identifiers or PostgreSQL quoting","const orderCountRows = await db.select({ count: sql<number>`count(*)` }).from(marketplaceOrders).where(eq(marketplaceOrders.listingId, id));","not_started"
"S1-SQL-255","sql_tag","server/db.ts","6147","Pricing & market data","identifier_quoting","Remove MySQL backticks; use Drizzle identifiers or PostgreSQL quoting","const countRows = await db.select({ count: sql<number>`count(*)` }).from(adminAuditLogs).where(where);","not_started"
"S1-SQL-256","sql_tag","server/db.ts","6265","Marketplace & transactions","identifier_quoting","Remove MySQL backticks; use Drizzle identifiers or PostgreSQL quoting","const result = await db.select({ count: sql<number>`count(*)` })","not_started"
"S1-SQL-257","sql_tag","server/db.ts","6278","Pricing & market data","identifier_quoting","Remove MySQL backticks; use Drizzle identifiers or PostgreSQL quoting","const result = await db.select({ count: sql<number>`count(*)` })","not_started"
"S1-SQL-258","sql_tag","server/db.ts","6289","Pricing & market data","identifier_quoting","Remove MySQL backticks; use Drizzle identifiers or PostgreSQL quoting","const result = await db.select({ count: sql<number>`count(*)` })","not_started"
"S1-SQL-259","sql_tag","server/db.ts","6295","Marketplace & transactions","identifier_quoting","Remove MySQL backticks; use Drizzle identifiers or PostgreSQL quoting","const result = await db.select({ count: sql<number>`count(*)` })","not_started"
"S1-SQL-260","sql_tag","server/db.ts","6339","Marketplace & transactions","identifier_quoting","Remove MySQL backticks; use Drizzle identifiers or PostgreSQL quoting","const [totalRow] = await db.select({ count: sql<number>`count(*)` }).from(orderMessages);","not_started"
"S1-SQL-261","sql_tag","server/db.ts","6340","Marketplace & transactions","identifier_quoting","Remove MySQL backticks; use Drizzle identifiers or PostgreSQL quoting","const [unreadRow] = await db.select({ count: sql<number>`count(*)` })","not_started"
"S1-SQL-262","sql_tag","server/db.ts","6343","Marketplace & transactions","identifier_quoting","Remove MySQL backticks; use Drizzle identifiers or PostgreSQL quoting","const [activeRow] = await db.select({ count: sql<number>`count(distinct ${orderMessages.orderNo})` })","not_started"
"S1-SQL-263","sql_tag","server/db.ts","6394","Pricing & market data","identifier_quoting","Remove MySQL backticks; use Drizzle identifiers or PostgreSQL quoting","unreadCount: sql<number>`count(*)`,","not_started"
"S1-SQL-264","sql_tag","server/db.ts","6395","Pricing & market data","identifier_quoting","Remove MySQL backticks; use Drizzle identifiers or PostgreSQL quoting","latestAt: sql<Date | null>`max(${orderMessages.createdAt})`,","not_started"
"S1-SQL-265","sql_tag","server/db.ts","6401","Marketplace & transactions","identifier_quoting","Remove MySQL backticks; use Drizzle identifiers or PostgreSQL quoting",".orderBy(desc(sql`max(${orderMessages.createdAt})`))","not_started"
"S1-SQL-266","sql_tag","server/db.ts","6477","Pricing & market data","identifier_quoting","Remove MySQL backticks; use Drizzle identifiers or PostgreSQL quoting","const [thisMonthDisputes] = await db.select({ count: sql<number>`count(*)` })","not_started"
"S1-SQL-267","sql_tag","server/db.ts","6481","Pricing & market data","identifier_quoting","Remove MySQL backticks; use Drizzle identifiers or PostgreSQL quoting","sql`${marketplaceOrders.disputeOpenedAt} >= ${firstDayOfMonth}`","not_started"
"S1-SQL-268","sql_tag","server/db.ts","6522","Pricing & market data","identifier_quoting","Remove MySQL backticks; use Drizzle identifiers or PostgreSQL quoting","const [unresolvedCount] = await db.select({ count: sql<number>`count(*)` })","not_started"
"S1-SQL-269","sql_tag","server/db.ts","6527","Pricing & market data","identifier_quoting","Remove MySQL backticks; use Drizzle identifiers or PostgreSQL quoting","const [unresolvedOver3Days] = await db.select({ count: sql<number>`count(*)` })","not_started"
"S1-SQL-270","sql_tag","server/db.ts","6532","Pricing & market data","identifier_quoting","Remove MySQL backticks; use Drizzle identifiers or PostgreSQL quoting","sql`${marketplaceOrders.disputeOpenedAt} <= ${new Date(threeDaysAgoMs)}`","not_started"
"S1-SQL-271","sql_tag","server/db.ts","6594","Pricing & market data","identifier_quoting","Remove MySQL backticks; use Drizzle identifiers or PostgreSQL quoting","const [{ total }] = await db.select({ total: sql<number>`count(*)` })","not_started"
"S1-SQL-272","sql_tag","server/db.ts","6686","Pricing & market data","identifier_quoting","Remove MySQL backticks; use Drizzle identifiers or PostgreSQL quoting","const [{ total }] = await db.select({ total: sql<number>`count(*)` })","not_started"
"S1-SQL-273","sql_tag","server/db.ts","6855","Pricing & market data","identifier_quoting","Remove MySQL backticks; use Drizzle identifiers or PostgreSQL quoting","db.select({ count: sql<number>`COUNT(*)` }).from(marketplaceListings)","not_started"
"S1-SQL-274","sql_tag","server/db.ts","6891","Pricing & market data","identifier_quoting","Remove MySQL backticks; use Drizzle identifiers or PostgreSQL quoting","count: sql<number>`COUNT(*)`,","not_started"
"S1-SQL-275","sql_tag","server/db.ts","6892","Pricing & market data","identifier_quoting","Remove MySQL backticks; use Drizzle identifiers or PostgreSQL quoting","revenue: sql<number>`COALESCE(SUM(CAST(${marketplaceListings.currentHighestBid} AS DECIMAL(10,2))), 0)`,","not_started"
"S1-SQL-276","sql_tag","server/db.ts","6897","Pricing & market data","identifier_quoting","Remove MySQL backticks; use Drizzle identifiers or PostgreSQL quoting","db.select({ count: sql<number>`COUNT(*)` }).from(auctionBids),","not_started"
"S1-SQL-277","sql_tag","server/db.ts","6899","Pricing & market data","identifier_quoting","Remove MySQL backticks; use Drizzle identifiers or PostgreSQL quoting","db.select({ count: sql<number>`COUNT(*)` })","not_started"
"S1-SQL-278","sql_tag","server/db.ts","6907","Pricing & market data","identifier_quoting","Remove MySQL backticks; use Drizzle identifiers or PostgreSQL quoting","count: sql<number>`COUNT(*)`,","not_started"
"S1-SQL-279","sql_tag","server/db.ts","6908","Pricing & market data","identifier_quoting","Remove MySQL backticks; use Drizzle identifiers or PostgreSQL quoting","revenue: sql<number>`COALESCE(SUM(CAST(${marketplaceOrders.unitPriceHkd} AS DECIMAL(10,2))), 0)`,","not_started"
"S1-SQL-280","sql_tag","server/db.ts","6917","Pricing & market data","identifier_quoting","Remove MySQL backticks; use Drizzle identifiers or PostgreSQL quoting","db.select({ count: sql<number>`COUNT(*)` }).from(auctionViolations),","not_started"
"S1-SQL-281","sql_tag","server/db.ts","6919","Pricing & market data","identifier_quoting","Remove MySQL backticks; use Drizzle identifiers or PostgreSQL quoting","db.select({ count: sql<number>`COUNT(*)` })","not_started"
"S1-SQL-282","sql_tag","server/db.ts","6976","Marketplace & transactions","identifier_quoting","Remove MySQL backticks; use Drizzle identifiers or PostgreSQL quoting","const [row] = await db.select({ count: sql<number>`COUNT(*)` })","not_started"
"S1-SQL-283","sql_tag","server/db.ts","7039","Marketplace & transactions","identifier_quoting","Remove MySQL backticks; use Drizzle identifiers or PostgreSQL quoting","db.select({ count: sql`count(*)` })","not_started"
"S1-SQL-284","sql_tag","server/db.ts","7104","Pricing & market data","identifier_quoting","Remove MySQL backticks; use Drizzle identifiers or PostgreSQL quoting","sql`${marketplaceListings.listingMode} = 'auction'`,","not_started"
"S1-SQL-285","sql_tag","server/db.ts","7156","Pricing & market data","identifier_quoting","Remove MySQL backticks; use Drizzle identifiers or PostgreSQL quoting","db.select({ count: sql`count(*)` })","not_started"
"S1-SQL-286","sql_tag","server/db.ts","7192","Pricing & market data","identifier_quoting","Remove MySQL backticks; use Drizzle identifiers or PostgreSQL quoting","unreadCount: sql<number>`sum(case when ${unreadCol} = false then 1 else 0 end)`,","not_started"
"S1-SQL-287","sql_tag","server/db.ts","7193","Pricing & market data","identifier_quoting","Remove MySQL backticks; use Drizzle identifiers or PostgreSQL quoting","latestAt: sql<Date | null>`max(${orderMessages.createdAt})`,","not_started"
"S1-SQL-288","sql_tag","server/db.ts","7199","Pricing & market data","identifier_quoting","Remove MySQL backticks; use Drizzle identifiers or PostgreSQL quoting",".orderBy(desc(sql`max(${orderMessages.createdAt})`))","not_started"
"S1-SQL-289","sql_tag","server/db.ts","7313","Pricing & market data","identifier_quoting","Remove MySQL backticks; use Drizzle identifiers or PostgreSQL quoting",".select({ count: sql<number>`COUNT(*)` })","not_started"
"S1-SQL-290","sql_tag","server/db.ts","7319","Pricing & market data","identifier_quoting","Remove MySQL backticks; use Drizzle identifiers or PostgreSQL quoting",".select({ count: sql<number>`COUNT(*)` })","not_started"
"S1-SQL-291","sql_tag","server/db.ts","7321","Pricing & market data","identifier_quoting","Remove MySQL backticks; use Drizzle identifiers or PostgreSQL quoting",".where(sql`${snkrdunkListingsCache.createdAt} >= ${HOT_THRESHOLD}`);","not_started"
"S1-SQL-292","sql_tag","server/db.ts","7326","Pricing & market data","identifier_quoting","Remove MySQL backticks; use Drizzle identifiers or PostgreSQL quoting",".select({ count: sql<number>`COUNT(*)` })","not_started"
"S1-SQL-293","sql_tag","server/db.ts","7330","Pricing & market data","identifier_quoting","Remove MySQL backticks; use Drizzle identifiers or PostgreSQL quoting","sql`${snkrdunkListingsCache.createdAt} < ${HOT_THRESHOLD}`,","not_started"
"S1-SQL-294","sql_tag","server/db.ts","7331","Pricing & market data","identifier_quoting","Remove MySQL backticks; use Drizzle identifiers or PostgreSQL quoting","sql`${snkrdunkListingsCache.createdAt} >= ${COLD_THRESHOLD}`","not_started"
"S1-SQL-295","sql_tag","server/db.ts","7341","Pricing & market data","identifier_quoting","Remove MySQL backticks; use Drizzle identifiers or PostgreSQL quoting",".select({ latestAt: sql<string>`MAX(${snkrdunkListingsCache.createdAt})` })","not_started"
"S1-SQL-296","sql_tag","server/db.ts","7347","TCG catalog","identifier_quoting","Remove MySQL backticks; use Drizzle identifiers or PostgreSQL quoting",".select({ oldestAt: sql<string>`MIN(${snkrdunkListingsCache.createdAt})` })","not_started"
"S1-SQL-297","sql_tag","server/db.ts","7433","TCG catalog","identifier_quoting","Remove MySQL backticks; use Drizzle identifiers or PostgreSQL quoting","rarity: sql<string>`NULL`,","not_started"
"S1-SQL-298","sql_tag","server/db.ts","7526","TCG catalog","identifier_quoting","Remove MySQL backticks; use Drizzle identifiers or PostgreSQL quoting","const [row] = await db.select({ count: sql<number>`COUNT(*)` }).from(searchTokens);","not_started"
"S1-SQL-299","sql_tag","server/db.ts","7586","TCG catalog","identifier_quoting","Remove MySQL backticks; use Drizzle identifiers or PostgreSQL quoting","avgPrice: sql<number>`AVG(CAST(${priceHistory.price} AS DECIMAL(10,2)))`,","not_started"
"S1-SQL-300","sql_tag","server/db.ts","7587","TCG catalog","identifier_quoting","Remove MySQL backticks; use Drizzle identifiers or PostgreSQL quoting","priceCount: sql<number>`COUNT(*)`,","not_started"
"S1-SQL-301","sql_tag","server/db.ts","7588","TCG catalog","identifier_quoting","Remove MySQL backticks; use Drizzle identifiers or PostgreSQL quoting","latestSoldAt: sql<Date>`MAX(${priceHistory.soldAt})`,","not_started"
"S1-SQL-302","sql_tag","server/db.ts","7601","TCG catalog","identifier_quoting","Remove MySQL backticks; use Drizzle identifiers or PostgreSQL quoting",".orderBy(sql`ABS(AVG(CAST(${priceHistory.price} AS DECIMAL(10,2))) - ${targetPrice})`)","not_started"
"S1-SQL-303","execute_call","server/dedup-price-history.mjs","15","TCG catalog","identifier_quoting","Remove MySQL backticks; use Drizzle identifiers or PostgreSQL quoting","const [cardIds] = await conn.execute(`","not_started"
"S1-SQL-304","execute_call","server/dedup-price-history.mjs","37","TCG catalog","identifier_quoting","Remove MySQL backticks; use Drizzle identifiers or PostgreSQL quoting","const [result] = await conn.execute(`","not_started"
"S1-SQL-305","execute_call","server/dedup-price-history.mjs","75","TCG catalog","identifier_quoting","Remove MySQL backticks; use Drizzle identifiers or PostgreSQL quoting","await conn.execute(`","not_started"
"S1-SQL-306","sql_tag","server/governance-helpers.ts","59","Pricing & market data","identifier_quoting","Remove MySQL backticks; use Drizzle identifiers or PostgreSQL quoting",".select({ count: sql<number>`count(*)` })","not_started"
"S1-SQL-307","sql_tag","server/governance-helpers.ts","66","Pricing & market data","identifier_quoting","Remove MySQL backticks; use Drizzle identifiers or PostgreSQL quoting",".select({ count: sql<number>`count(*)` })","not_started"
"S1-SQL-308","sql_tag","server/governance-helpers.ts","76","Pricing & market data","identifier_quoting","Remove MySQL backticks; use Drizzle identifiers or PostgreSQL quoting",".select({ count: sql<number>`count(*)` })","not_started"
"S1-SQL-309","sql_tag","server/governance-helpers.ts","125","Marketplace & transactions","identifier_quoting","Remove MySQL backticks; use Drizzle identifiers or PostgreSQL quoting",".select({ count: sql<number>`count(*)` })","not_started"
"S1-SQL-310","sql_tag","server/governance-helpers.ts","190","Pricing & market data","identifier_quoting","Remove MySQL backticks; use Drizzle identifiers or PostgreSQL quoting",".select({ count: sql<number>`count(*)` })","not_started"
"S1-SQL-311","sql_tag","server/governance-helpers.ts","229","Pricing & market data","identifier_quoting","Remove MySQL backticks; use Drizzle identifiers or PostgreSQL quoting","reportCount: sql<number>`(SELECT COUNT(*) FROM listingReports WHERE listingReports.listingId = marketplaceListings.id AND listingReports.status = 'pending')`,","not_started"
"S1-SQL-312","sql_tag","server/governance-helpers.ts","235","Pricing & market data","identifier_quoting","Remove MySQL backticks; use Drizzle identifiers or PostgreSQL quoting","sql`marketplaceListings.id IN (${reportedIds.join(',')})`,","not_started"
"S1-SQL-313","sql_tag","server/governance-helpers.ts","288","Pricing & market data","identifier_quoting","Remove MySQL backticks; use Drizzle identifiers or PostgreSQL quoting","sql`marketplaceListings.id IN (${reportedIds.join(',')})`,","not_started"
"S1-SQL-314","sql_tag","server/governance-helpers.ts","319","Pricing & market data","identifier_quoting","Remove MySQL backticks; use Drizzle identifiers or PostgreSQL quoting","count: sql<number>`count(*)`,","not_started"
"S1-SQL-315","sql_tag","server/governance-helpers.ts","332","Pricing & market data","identifier_quoting","Remove MySQL backticks; use Drizzle identifiers or PostgreSQL quoting","count: sql<number>`count(*)`,","not_started"
"S1-SQL-316","sql_tag","server/governance-helpers.ts","342","Pricing & market data","identifier_quoting","Remove MySQL backticks; use Drizzle identifiers or PostgreSQL quoting","reportCount: sql<number>`count(*)`,","not_started"
"S1-SQL-317","sql_tag","server/governance-helpers.ts","349","Marketplace & transactions","identifier_quoting","Remove MySQL backticks; use Drizzle identifiers or PostgreSQL quoting",".orderBy(desc(sql<number>`count(*)`))","not_started"
"S1-SQL-318","sql_tag","server/governance-helpers.ts","353","Marketplace & transactions","identifier_quoting","Remove MySQL backticks; use Drizzle identifiers or PostgreSQL quoting",".select({ count: sql<number>`count(*)` })","not_started"
"S1-SQL-319","sql_tag","server/governance-helpers.ts","383","Pricing & market data","identifier_quoting","Remove MySQL backticks; use Drizzle identifiers or PostgreSQL quoting",".select({ count: sql<number>`count(*)` })","not_started"
"S1-SQL-320","execute_call","server/listing-stock-repair.test.ts","76","Pricing & market data","identifier_quoting","Remove MySQL backticks; use Drizzle identifiers or PostgreSQL quoting","await db!.execute(","not_started"
"S1-SQL-321","sql_tag","server/listing-stock-repair.test.ts","77","Pricing & market data","identifier_quoting","Remove MySQL backticks; use Drizzle identifiers or PostgreSQL quoting","sql`UPDATE marketplaceListings","not_started"
"S1-SQL-322","execute_call","server/listing-stock-repair.test.ts","114","Pricing & market data","identifier_quoting","Remove MySQL backticks; use Drizzle identifiers or PostgreSQL quoting","await db!.execute(","not_started"
"S1-SQL-323","sql_tag","server/listing-stock-repair.test.ts","115","Pricing & market data","identifier_quoting","Remove MySQL backticks; use Drizzle identifiers or PostgreSQL quoting","sql`UPDATE marketplaceListings","not_started"
"S1-SQL-324","execute_call","server/listing-stock-repair.test.ts","141","Pricing & market data","identifier_quoting","Remove MySQL backticks; use Drizzle identifiers or PostgreSQL quoting","const result = await db!.execute(","not_started"
"S1-SQL-325","sql_tag","server/listing-stock-repair.test.ts","142","Pricing & market data","identifier_quoting","Remove MySQL backticks; use Drizzle identifiers or PostgreSQL quoting","sql`UPDATE marketplaceListings","not_started"
"S1-SQL-326","execute_call","server/normalize-soldat.mjs","21","TCG catalog","identifier_quoting","Remove MySQL backticks; use Drizzle identifiers or PostgreSQL quoting","const [totalRows] = await conn.execute('SELECT COUNT(*) as total FROM priceHistory');","not_started"
"S1-SQL-327","execute_call","server/normalize-soldat.mjs","27","TCG catalog","execute_or_fragment","Manual PostgreSQL syntax and parameter review required","await conn.execute('DROP INDEX uniq_price_card_source_grade_soldAt ON priceHistory');","not_started"
"S1-SQL-328","execute_call","server/normalize-soldat.mjs","43","TCG catalog","date_time","Replace with date_trunc/to_char/interval and UTC contract","const [cardIds] = await conn.execute(`","not_started"
"S1-SQL-329","execute_call","server/normalize-soldat.mjs","56","TCG catalog","date_time","Replace with date_trunc/to_char/interval and UTC contract","const [result] = await conn.execute(`","not_started"
"S1-SQL-330","execute_call","server/normalize-soldat.mjs","75","TCG catalog","identifier_quoting","Remove MySQL backticks; use Drizzle identifiers or PostgreSQL quoting","const [dupCardIds] = await conn.execute(`","not_started"
"S1-SQL-331","execute_call","server/normalize-soldat.mjs","95","TCG catalog","identifier_quoting","Remove MySQL backticks; use Drizzle identifiers or PostgreSQL quoting","const [result] = await conn.execute(`","not_started"
"S1-SQL-332","execute_call","server/normalize-soldat.mjs","133","TCG catalog","identifier_quoting","Remove MySQL backticks; use Drizzle identifiers or PostgreSQL quoting","await conn.execute(`","not_started"
"S1-SQL-333","execute_call","server/normalize-soldat.mjs","147","Pricing & market data","identifier_quoting","Remove MySQL backticks; use Drizzle identifiers or PostgreSQL quoting","const [finalRows] = await conn.execute('SELECT COUNT(*) as total FROM priceHistory');","not_started"
"S1-SQL-334","sql_tag","server/order-cart-bugfix.test.ts","84","Marketplace & transactions","identifier_quoting","Remove MySQL backticks; use Drizzle identifiers or PostgreSQL quoting","expect(fnBody).not.toMatch(/sql`.*batch_ref.*`/);","not_started"
"S1-SQL-335","sql_tag","server/order-cart-bugfix.test.ts","94","Pricing & market data","identifier_quoting","Remove MySQL backticks; use Drizzle identifiers or PostgreSQL quoting","expect(fnBody).not.toMatch(/sql`.*cart_order_id.*`/);","not_started"
"S1-SQL-336","sql_tag","server/persistentSnkrdunkBatchUpdate.ts","530","Pricing & market data","identifier_quoting","Remove MySQL backticks; use Drizzle identifiers or PostgreSQL quoting",".onDuplicateKeyUpdate({ set: { isSuspectedBulk: sql`VALUES(isSuspectedBulk)`, recordHash: sql`VALUES(recordHash)` } });","not_started"
"S1-SQL-337","sql_tag","server/persistentSnkrdunkBatchUpdate.ts","530","Pricing & market data","identifier_quoting","Remove MySQL backticks; use Drizzle identifiers or PostgreSQL quoting",".onDuplicateKeyUpdate({ set: { isSuspectedBulk: sql`VALUES(isSuspectedBulk)`, recordHash: sql`VALUES(recordHash)` } });","not_started"
"S1-SQL-338","sql_tag","server/persistentSnkrdunkBatchUpdate.ts","538","Pricing & market data","identifier_quoting","Remove MySQL backticks; use Drizzle identifiers or PostgreSQL quoting",".onDuplicateKeyUpdate({ set: { isSuspectedBulk: sql`VALUES(isSuspectedBulk)`, recordHash: sql`VALUES(recordHash)` } });","not_started"
"S1-SQL-339","sql_tag","server/persistentSnkrdunkBatchUpdate.ts","538","TCG catalog","identifier_quoting","Remove MySQL backticks; use Drizzle identifiers or PostgreSQL quoting",".onDuplicateKeyUpdate({ set: { isSuspectedBulk: sql`VALUES(isSuspectedBulk)`, recordHash: sql`VALUES(recordHash)` } });","not_started"
"S1-SQL-340","execute_call","server/priceUpdateScheduler.ts","1462","Pricing & market data","identifier_quoting","Remove MySQL backticks; use Drizzle identifiers or PostgreSQL quoting","const activeZeroStock = await db.execute(","not_started"
"S1-SQL-341","execute_call","server/priceUpdateScheduler.ts","1476","Pricing & market data","identifier_quoting","Remove MySQL backticks; use Drizzle identifiers or PostgreSQL quoting","await db.execute(","not_started"
"S1-SQL-342","execute_call","server/priceUpdateScheduler.ts","1486","Pricing & market data","identifier_quoting","Remove MySQL backticks; use Drizzle identifiers or PostgreSQL quoting","const stuckReserved = await db.execute(","not_started"
"S1-SQL-343","execute_call","server/priceUpdateScheduler.ts","1499","Pricing & market data","identifier_quoting","Remove MySQL backticks; use Drizzle identifiers or PostgreSQL quoting","await db.execute(","not_started"
"S1-SQL-344","execute_call","server/products.test.ts","16","TCG catalog","raw_select","Review casts, joins, order and pagination semantics","const [rows] = await conn.execute('SELECT COUNT(*) as cnt FROM sealedProducts') as any;","not_started"
"S1-SQL-345","execute_call","server/products.test.ts","21","TCG catalog","raw_select","Review casts, joins, order and pagination semantics","const [rows] = await conn.execute('SELECT COUNT(*) as cnt FROM cards') as any;","not_started"
"S1-SQL-346","execute_call","server/products.test.ts","26","TCG catalog","raw_select","Review casts, joins, order and pagination semantics","const [rows] = await conn.execute(","not_started"
"S1-SQL-347","execute_call","server/products.test.ts","33","TCG catalog","raw_select","Review casts, joins, order and pagination semantics","const [rows] = await conn.execute(","not_started"
"S1-SQL-348","execute_call","server/products.test.ts","40","TCG catalog","raw_select","Review casts, joins, order and pagination semantics","const [rows] = await conn.execute(","not_started"
"S1-SQL-349","execute_call","server/products.test.ts","56","TCG catalog","raw_select","Review casts, joins, order and pagination semantics","const [cards] = await conn.execute('SELECT id, name FROM cards LIMIT 1') as any;","not_started"
"S1-SQL-350","execute_call","server/products.test.ts","63","TCG catalog","raw_select","Review casts, joins, order and pagination semantics","const [result] = await conn.execute('SELECT * FROM cards WHERE id = ?', [cardId]) as any;","not_started"
"S1-SQL-351","execute_call","server/products.test.ts","70","TCG catalog","raw_select","Review casts, joins, order and pagination semantics","const [products] = await conn.execute('SELECT id, name FROM sealedProducts LIMIT 1') as any;","not_started"
"S1-SQL-352","execute_call","server/products.test.ts","77","TCG catalog","raw_select","Review casts, joins, order and pagination semantics","const [result] = await conn.execute('SELECT * FROM sealedProducts WHERE id = ?', [productId]) as any;","not_started"
"S1-SQL-353","execute_call","server/products.test.ts","84","TCG catalog","raw_select","Review casts, joins, order and pagination semantics","const [sealedPH] = await conn.execute(","not_started"
"S1-SQL-354","execute_call","server/products.test.ts","92","TCG catalog","raw_select","Review casts, joins, order and pagination semantics","const [allPH] = await conn.execute(","not_started"
"S1-SQL-355","execute_call","server/products.test.ts","104","TCG catalog","raw_select","Review casts, joins, order and pagination semantics","const [ds] = await conn.execute(","not_started"
"S1-SQL-356","execute_call","server/products.test.ts","111","TCG catalog","raw_select","Review casts, joins, order and pagination semantics","const [product] = await conn.execute(","not_started"
"S1-SQL-357","execute_call","server/products.test.ts","122","Pricing & market data","identifier_quoting","Remove MySQL backticks; use Drizzle identifiers or PostgreSQL quoting","const [rows] = await conn.execute(","not_started"
"S1-SQL-358","execute_call","server/products.test.ts","136","Pricing & market data","identifier_quoting","Remove MySQL backticks; use Drizzle identifiers or PostgreSQL quoting","const [rows] = await conn.execute(","not_started"
"S1-SQL-359","sql_tag","server/profile.ts","354","TCG catalog","identifier_quoting","Remove MySQL backticks; use Drizzle identifiers or PostgreSQL quoting",".select({ count: sql<number>`count(*)` })","not_started"
"S1-SQL-360","execute_call","server/routers/admin.ts","55","TCG catalog","identifier_quoting","Remove MySQL backticks; use Drizzle identifiers or PostgreSQL quoting","const result = await dbConn.execute(sql`SELECT APPROX_COUNT_DISTINCT(id) as c FROM cards`) as any;","not_started"
"S1-SQL-361","sql_tag","server/routers/admin.ts","55","TCG catalog","identifier_quoting","Remove MySQL backticks; use Drizzle identifiers or PostgreSQL quoting","const result = await dbConn.execute(sql`SELECT APPROX_COUNT_DISTINCT(id) as c FROM cards`) as any;","not_started"
"S1-SQL-362","sql_tag","server/routers/admin.ts","574","Pricing & market data","identifier_quoting","Remove MySQL backticks; use Drizzle identifiers or PostgreSQL quoting",".orderBy(sql`${scraperPerformanceLogs.createdAt} DESC`)","not_started"
"S1-SQL-363","sql_tag","server/routers/admin.ts","1676","Operations & platform","identifier_quoting","Remove MySQL backticks; use Drizzle identifiers or PostgreSQL quoting","sql`${scheduledTasks.status} NOT IN ('running', 'paused')`","not_started"
"S1-SQL-364","sql_tag","server/routers/admin.ts","1982","TCG catalog","identifier_quoting","Remove MySQL backticks; use Drizzle identifiers or PostgreSQL quoting","const countResult = await dbInstance.select({ count: sql<number>`COUNT(*)` })","not_started"
"S1-SQL-365","sql_tag","server/routers/cardInventory.ts","95","TCG catalog","identifier_quoting","Remove MySQL backticks; use Drizzle identifiers or PostgreSQL quoting","db.select({ count: sql<number>`COUNT(*)` }).from(cardInventory).where(where),","not_started"
"S1-SQL-366","sql_tag","server/routers/cardInventory.ts","107","TCG catalog","identifier_quoting","Remove MySQL backticks; use Drizzle identifiers or PostgreSQL quoting",".where(sql`${cards.id} IN (${sql.join(linkedIds.map(id => sql`${id}`), sql`, `)})`);","not_started"
"S1-SQL-367","sql_tag","server/routers/cardInventory.ts","107","TCG catalog","identifier_quoting","Remove MySQL backticks; use Drizzle identifiers or PostgreSQL quoting",".where(sql`${cards.id} IN (${sql.join(linkedIds.map(id => sql`${id}`), sql`, `)})`);","not_started"
"S1-SQL-368","sql_tag","server/routers/cardInventory.ts","107","TCG catalog","identifier_quoting","Remove MySQL backticks; use Drizzle identifiers or PostgreSQL quoting",".where(sql`${cards.id} IN (${sql.join(linkedIds.map(id => sql`${id}`), sql`, `)})`);","not_started"
"S1-SQL-369","sql_tag","server/routers/cardInventory.ts","167","TCG catalog","identifier_quoting","Remove MySQL backticks; use Drizzle identifiers or PostgreSQL quoting","db.select({ count: sql<number>`COUNT(*)` }).from(whatsappTradeIntakes)","not_started"
"S1-SQL-370","sql_tag","server/routers/cardInventory.ts","565","TCG catalog","identifier_quoting","Remove MySQL backticks; use Drizzle identifiers or PostgreSQL quoting","month: sql<number>`MONTH(buyDate)`,","not_started"
"S1-SQL-371","sql_tag","server/routers/cardInventory.ts","566","TCG catalog","identifier_quoting","Remove MySQL backticks; use Drizzle identifiers or PostgreSQL quoting","totalBuyHkd: sql<number>`SUM(buyPriceHkd)`,","not_started"
"S1-SQL-372","sql_tag","server/routers/cardInventory.ts","567","TCG catalog","identifier_quoting","Remove MySQL backticks; use Drizzle identifiers or PostgreSQL quoting","totalSellHkd: sql<number>`SUM(CASE WHEN status = 'sold' THEN sellPriceHkd ELSE 0 END)`,","not_started"
"S1-SQL-373","sql_tag","server/routers/cardInventory.ts","568","TCG catalog","identifier_quoting","Remove MySQL backticks; use Drizzle identifiers or PostgreSQL quoting","buyCount: sql<number>`COUNT(*)`,","not_started"
"S1-SQL-374","sql_tag","server/routers/cardInventory.ts","569","TCG catalog","identifier_quoting","Remove MySQL backticks; use Drizzle identifiers or PostgreSQL quoting","soldCount: sql<number>`SUM(CASE WHEN status = 'sold' THEN 1 ELSE 0 END)`,","not_started"
"S1-SQL-375","sql_tag","server/routers/cardInventory.ts","570","TCG catalog","identifier_quoting","Remove MySQL backticks; use Drizzle identifiers or PostgreSQL quoting","holdingCount: sql<number>`SUM(CASE WHEN status = 'holding' THEN 1 ELSE 0 END)`,","not_started"
"S1-SQL-376","sql_tag","server/routers/cardInventory.ts","574","TCG catalog","identifier_quoting","Remove MySQL backticks; use Drizzle identifiers or PostgreSQL quoting",".groupBy(sql`MONTH(buyDate)`)","not_started"
"S1-SQL-377","sql_tag","server/routers/cardInventory.ts","575","TCG catalog","identifier_quoting","Remove MySQL backticks; use Drizzle identifiers or PostgreSQL quoting",".orderBy(sql`MONTH(buyDate)`);","not_started"
"S1-SQL-378","sql_tag","server/routers/cardInventory.ts","641","TCG catalog","identifier_quoting","Remove MySQL backticks; use Drizzle identifiers or PostgreSQL quoting",".where(sql`${cardInventory.imageUrl} IS NOT NULL AND ${cardInventory.s3ImageUrl} IS NULL`);","not_started"
"S1-SQL-379","sql_tag","server/routers/cardInventory.ts","691","TCG catalog","identifier_quoting","Remove MySQL backticks; use Drizzle identifiers or PostgreSQL quoting",".where(sql`${cardInventory.imageUrl} IS NULL AND ${cardInventory.linkedCardId} IS NULL`);","not_started"
"S1-SQL-380","execute_call","server/routers/cards.ts","398","TCG catalog","upsert","Replace with explicit ON CONFLICT target after unique-index review","await db.execute(","not_started"
"S1-SQL-381","execute_call","server/routers/cards.ts","875","TCG catalog","identifier_quoting","Remove MySQL backticks; use Drizzle identifiers or PostgreSQL quoting","const sets = await dbConn.execute(sql`","not_started"
"S1-SQL-382","sql_tag","server/routers/cards.ts","875","TCG catalog","identifier_quoting","Remove MySQL backticks; use Drizzle identifiers or PostgreSQL quoting","const sets = await dbConn.execute(sql`","not_started"
"S1-SQL-383","sql_tag","server/routers/companyCardInventory.ts","135","TCG catalog","identifier_quoting","Remove MySQL backticks; use Drizzle identifiers or PostgreSQL quoting","db.select({ count: sql<number>`COUNT(*)` }).from(companyCardInventory).where(where),","not_started"
"S1-SQL-384","sql_tag","server/routers/companyCardInventory.ts","147","TCG catalog","identifier_quoting","Remove MySQL backticks; use Drizzle identifiers or PostgreSQL quoting",".where(sql`${cards.id} IN (${sql.join(linkedIds.map(id => sql`${id}`), sql`, `)})`);","not_started"
"S1-SQL-385","sql_tag","server/routers/companyCardInventory.ts","147","TCG catalog","identifier_quoting","Remove MySQL backticks; use Drizzle identifiers or PostgreSQL quoting",".where(sql`${cards.id} IN (${sql.join(linkedIds.map(id => sql`${id}`), sql`, `)})`);","not_started"
"S1-SQL-386","sql_tag","server/routers/companyCardInventory.ts","147","TCG catalog","identifier_quoting","Remove MySQL backticks; use Drizzle identifiers or PostgreSQL quoting",".where(sql`${cards.id} IN (${sql.join(linkedIds.map(id => sql`${id}`), sql`, `)})`);","not_started"
"S1-SQL-387","sql_tag","server/routers/companyCardInventory.ts","388","TCG catalog","identifier_quoting","Remove MySQL backticks; use Drizzle identifiers or PostgreSQL quoting","sql`${companyCardInventory.id} IN (${sql.join(input.ids.map(id => sql`${id}`), sql`, `)})`","not_started"
"S1-SQL-388","sql_tag","server/routers/companyCardInventory.ts","388","TCG catalog","identifier_quoting","Remove MySQL backticks; use Drizzle identifiers or PostgreSQL quoting","sql`${companyCardInventory.id} IN (${sql.join(input.ids.map(id => sql`${id}`), sql`, `)})`","not_started"
"S1-SQL-389","sql_tag","server/routers/companyCardInventory.ts","388","TCG catalog","identifier_quoting","Remove MySQL backticks; use Drizzle identifiers or PostgreSQL quoting","sql`${companyCardInventory.id} IN (${sql.join(input.ids.map(id => sql`${id}`), sql`, `)})`","not_started"
"S1-SQL-390","sql_tag","server/routers/companyCardInventory.ts","404","TCG catalog","identifier_quoting","Remove MySQL backticks; use Drizzle identifiers or PostgreSQL quoting","month: sql<number>`MONTH(buyDate)`,","not_started"
"S1-SQL-391","sql_tag","server/routers/companyCardInventory.ts","405","TCG catalog","identifier_quoting","Remove MySQL backticks; use Drizzle identifiers or PostgreSQL quoting","totalBuyHkd: sql<number>`SUM(buyPriceHkd)`,","not_started"
"S1-SQL-392","sql_tag","server/routers/companyCardInventory.ts","406","TCG catalog","identifier_quoting","Remove MySQL backticks; use Drizzle identifiers or PostgreSQL quoting","totalSellHkd: sql<number>`SUM(CASE WHEN status = 'sold' THEN sellPriceHkd ELSE 0 END)`,","not_started"
"S1-SQL-393","sql_tag","server/routers/companyCardInventory.ts","407","TCG catalog","identifier_quoting","Remove MySQL backticks; use Drizzle identifiers or PostgreSQL quoting","buyCount: sql<number>`COUNT(*)`,","not_started"
"S1-SQL-394","sql_tag","server/routers/companyCardInventory.ts","408","TCG catalog","identifier_quoting","Remove MySQL backticks; use Drizzle identifiers or PostgreSQL quoting","soldCount: sql<number>`SUM(CASE WHEN status = 'sold' THEN 1 ELSE 0 END)`,","not_started"
"S1-SQL-395","sql_tag","server/routers/companyCardInventory.ts","409","TCG catalog","identifier_quoting","Remove MySQL backticks; use Drizzle identifiers or PostgreSQL quoting","holdingCount: sql<number>`SUM(CASE WHEN status = 'holding' THEN 1 ELSE 0 END)`,","not_started"
"S1-SQL-396","sql_tag","server/routers/companyCardInventory.ts","413","TCG catalog","identifier_quoting","Remove MySQL backticks; use Drizzle identifiers or PostgreSQL quoting",".groupBy(sql`MONTH(buyDate)`)","not_started"
"S1-SQL-397","sql_tag","server/routers/companyCardInventory.ts","414","TCG catalog","identifier_quoting","Remove MySQL backticks; use Drizzle identifiers or PostgreSQL quoting",".orderBy(sql`MONTH(buyDate)`);","not_started"
"S1-SQL-398","sql_tag","server/routers/companyCardInventory.ts","477","TCG catalog","identifier_quoting","Remove MySQL backticks; use Drizzle identifiers or PostgreSQL quoting",".where(sql`${companyCardInventory.imageUrl} IS NOT NULL AND ${companyCardInventory.s3ImageUrl} IS NULL`);","not_started"
"S1-SQL-399","sql_tag","server/routers/companyCardInventory.ts","523","TCG catalog","identifier_quoting","Remove MySQL backticks; use Drizzle identifiers or PostgreSQL quoting",".where(sql`${companyCardInventory.imageUrl} IS NULL AND ${companyCardInventory.linkedCardId} IS NULL`);","not_started"
"S1-SQL-400","sql_tag","server/routers/email.ts","67","Operations & platform","identifier_quoting","Remove MySQL backticks; use Drizzle identifiers or PostgreSQL quoting","db.select({ count: sql<number>`count(*)` }).from(emailLogs).where(where),","not_started"
"S1-SQL-401","sql_tag","server/routers/email.ts","85","Operations & platform","identifier_quoting","Remove MySQL backticks; use Drizzle identifiers or PostgreSQL quoting","db.select({ count: sql<number>`count(*)` }).from(emailLogs),","not_started"
"S1-SQL-402","sql_tag","server/routers/email.ts","86","Operations & platform","identifier_quoting","Remove MySQL backticks; use Drizzle identifiers or PostgreSQL quoting","db.select({ count: sql<number>`count(*)` }).from(emailLogs).where(eq(emailLogs.status, ""sent"")),","not_started"
"S1-SQL-403","sql_tag","server/routers/email.ts","87","Operations & platform","identifier_quoting","Remove MySQL backticks; use Drizzle identifiers or PostgreSQL quoting","db.select({ count: sql<number>`count(*)` }).from(emailLogs).where(eq(emailLogs.status, ""failed"")),","not_started"
"S1-SQL-404","sql_tag","server/routers/email.ts","88","Operations & platform","identifier_quoting","Remove MySQL backticks; use Drizzle identifiers or PostgreSQL quoting","db.select({ count: sql<number>`count(*)` }).from(emailLogs).where(eq(emailLogs.status, ""skipped"")),","not_started"
"S1-SQL-405","sql_tag","server/routers/email.ts","89","Operations & platform","identifier_quoting","Remove MySQL backticks; use Drizzle identifiers or PostgreSQL quoting","db.select({ count: sql<number>`count(*)` }).from(emailLogs)","not_started"
"S1-SQL-406","sql_tag","server/routers/email.ts","126","Operations & platform","identifier_quoting","Remove MySQL backticks; use Drizzle identifiers or PostgreSQL quoting","db.select({ count: sql<number>`count(*)` }).from(emailLogs)","not_started"
"S1-SQL-407","sql_tag","server/routers/email.ts","128","Operations & platform","identifier_quoting","Remove MySQL backticks; use Drizzle identifiers or PostgreSQL quoting","db.select({ count: sql<number>`count(*)` }).from(emailLogs)","not_started"
"S1-SQL-408","sql_tag","server/routers/email.ts","130","Operations & platform","identifier_quoting","Remove MySQL backticks; use Drizzle identifiers or PostgreSQL quoting","db.select({ count: sql<number>`count(*)` }).from(emailLogs)","not_started"
"S1-SQL-409","sql_tag","server/routers/email.ts","225","Marketplace & transactions","identifier_quoting","Remove MySQL backticks; use Drizzle identifiers or PostgreSQL quoting","sql`${emailUnsubscribes.resubscribedAt} IS NULL`","not_started"
"S1-SQL-410","sql_tag","server/routers/email.ts","252","Identity & user experience","identifier_quoting","Remove MySQL backticks; use Drizzle identifiers or PostgreSQL quoting","? sql`${emailUnsubscribes.emailType} IS NULL`","not_started"
"S1-SQL-411","sql_tag","server/routers/email.ts","254","Identity & user experience","identifier_quoting","Remove MySQL backticks; use Drizzle identifiers or PostgreSQL quoting","sql`${emailUnsubscribes.resubscribedAt} IS NULL`","not_started"
"S1-SQL-412","sql_tag","server/routers/email.ts","414","Platform domain (manual owner assignment required)","identifier_quoting","Remove MySQL backticks; use Drizzle identifiers or PostgreSQL quoting","? sql`${emailUnsubscribes.emailType} IS NULL`","not_started"
"S1-SQL-413","sql_tag","server/routers/email.ts","416","Platform domain (manual owner assignment required)","identifier_quoting","Remove MySQL backticks; use Drizzle identifiers or PostgreSQL quoting","sql`${emailUnsubscribes.resubscribedAt} IS NULL`","not_started"
"S1-SQL-414","sql_tag","server/routers/grading.ts","1925","Platform domain (manual owner assignment required)","identifier_quoting","Remove MySQL backticks; use Drizzle identifiers or PostgreSQL quoting","upgradeDiffFeeHkd: sql`${totalDiffFee.toFixed(2)}`,","not_started"
"S1-SQL-415","sql_tag","server/routers/grading.ts","1929","Marketplace & transactions","identifier_quoting","Remove MySQL backticks; use Drizzle identifiers or PostgreSQL quoting","totalFeeHkd: sql`${newTotal.toFixed(2)}`,","not_started"
"S1-SQL-416","sql_tag","server/routers/grading.ts","1938","TCG catalog","identifier_quoting","Remove MySQL backticks; use Drizzle identifiers or PostgreSQL quoting",".set({ tierId: e.newTierId, feeHkd: sql`${parseFloat(e.newTier.feeHkd).toFixed(2)}` })","not_started"
"S1-SQL-417","execute_call","server/routers/lootpool.ts","42","Marketplace & transactions","upsert","Replace with explicit ON CONFLICT target after unique-index review","await db.execute(sql`","not_started"
"S1-SQL-418","sql_tag","server/routers/lootpool.ts","42","Marketplace & transactions","upsert","Replace with explicit ON CONFLICT target after unique-index review","await db.execute(sql`","not_started"
"S1-SQL-419","execute_call","server/routers/lootpool.ts","74","Marketplace & transactions","identifier_quoting","Remove MySQL backticks; use Drizzle identifiers or PostgreSQL quoting","const topRewards = await db.execute(sql`","not_started"
"S1-SQL-420","sql_tag","server/routers/lootpool.ts","74","Marketplace & transactions","identifier_quoting","Remove MySQL backticks; use Drizzle identifiers or PostgreSQL quoting","const topRewards = await db.execute(sql`","not_started"
"S1-SQL-421","sql_tag","server/routers/lootpool.ts","106","TCG catalog","identifier_quoting","Remove MySQL backticks; use Drizzle identifiers or PostgreSQL quoting",".where(and(eq(priceHistory.cardId, cid), sql`${priceHistory.grade} = 'PSA 10'`, sql`${priceHistory.isSuspectedBulk} = 0`))","not_started"
"S1-SQL-422","sql_tag","server/routers/lootpool.ts","106","TCG catalog","identifier_quoting","Remove MySQL backticks; use Drizzle identifiers or PostgreSQL quoting",".where(and(eq(priceHistory.cardId, cid), sql`${priceHistory.grade} = 'PSA 10'`, sql`${priceHistory.isSuspectedBulk} = 0`))","not_started"
"S1-SQL-423","sql_tag","server/routers/lootpool.ts","169","Marketplace & transactions","identifier_quoting","Remove MySQL backticks; use Drizzle identifiers or PostgreSQL quoting",".orderBy(sql`pointTransactions.createdAt DESC`)","not_started"
"S1-SQL-424","execute_call","server/routers/lootpool.ts","202","TCG catalog","identifier_quoting","Remove MySQL backticks; use Drizzle identifiers or PostgreSQL quoting","await db.execute(sql`","not_started"
"S1-SQL-425","sql_tag","server/routers/lootpool.ts","202","TCG catalog","identifier_quoting","Remove MySQL backticks; use Drizzle identifiers or PostgreSQL quoting","await db.execute(sql`","not_started"
"S1-SQL-426","sql_tag","server/routers/lootpool.ts","243","Platform domain (manual owner assignment required)","identifier_quoting","Remove MySQL backticks; use Drizzle identifiers or PostgreSQL quoting","sql`${poolSlots.slotIndex} IN (${sql.join(input.slotIndexes.map(i => sql`${i}`), sql`, `)})`","not_started"
"S1-SQL-427","sql_tag","server/routers/lootpool.ts","243","Identity & user experience","identifier_quoting","Remove MySQL backticks; use Drizzle identifiers or PostgreSQL quoting","sql`${poolSlots.slotIndex} IN (${sql.join(input.slotIndexes.map(i => sql`${i}`), sql`, `)})`","not_started"
"S1-SQL-428","sql_tag","server/routers/lootpool.ts","243","Identity & user experience","identifier_quoting","Remove MySQL backticks; use Drizzle identifiers or PostgreSQL quoting","sql`${poolSlots.slotIndex} IN (${sql.join(input.slotIndexes.map(i => sql`${i}`), sql`, `)})`","not_started"
"S1-SQL-429","execute_call","server/routers/lootpool.ts","283","TCG catalog","identifier_quoting","Remove MySQL backticks; use Drizzle identifiers or PostgreSQL quoting","await db.execute(sql`","not_started"
"S1-SQL-430","sql_tag","server/routers/lootpool.ts","283","TCG catalog","identifier_quoting","Remove MySQL backticks; use Drizzle identifiers or PostgreSQL quoting","await db.execute(sql`","not_started"
"S1-SQL-431","sql_tag","server/routers/lootpool.ts","318","Identity & user experience","identifier_quoting","Remove MySQL backticks; use Drizzle identifiers or PostgreSQL quoting",".orderBy(sql`userVault.createdAt DESC`)","not_started"
"S1-SQL-432","execute_call","server/routers/lootpool.ts","331","Marketplace & transactions","identifier_quoting","Remove MySQL backticks; use Drizzle identifiers or PostgreSQL quoting","await db.execute(sql`UPDATE userVault SET uv_status = 'buyback_requested' WHERE id = ${input.vaultId}`);","not_started"
"S1-SQL-433","sql_tag","server/routers/lootpool.ts","331","Marketplace & transactions","identifier_quoting","Remove MySQL backticks; use Drizzle identifiers or PostgreSQL quoting","await db.execute(sql`UPDATE userVault SET uv_status = 'buyback_requested' WHERE id = ${input.vaultId}`);","not_started"
"S1-SQL-434","execute_call","server/routers/lootpool.ts","343","Marketplace & transactions","identifier_quoting","Remove MySQL backticks; use Drizzle identifiers or PostgreSQL quoting","await db.execute(sql`UPDATE userVault SET uv_status = 'shipping_requested', shippingAddress = ${input.address} WHERE id = ${input.vaultId}`);","not_started"
"S1-SQL-435","sql_tag","server/routers/lootpool.ts","343","Marketplace & transactions","identifier_quoting","Remove MySQL backticks; use Drizzle identifiers or PostgreSQL quoting","await db.execute(sql`UPDATE userVault SET uv_status = 'shipping_requested', shippingAddress = ${input.address} WHERE id = ${input.vaultId}`);","not_started"
"S1-SQL-436","sql_tag","server/routers/lootpool.ts","350","Platform domain (manual owner assignment required)","identifier_quoting","Remove MySQL backticks; use Drizzle identifiers or PostgreSQL quoting","return db.select().from(pools).orderBy(sql`pools.createdAt DESC`);","not_started"
"S1-SQL-437","execute_call","server/routers/lootpool.ts","384","TCG catalog","identifier_quoting","Remove MySQL backticks; use Drizzle identifiers or PostgreSQL quoting","const [result] = await db.execute(sql`","not_started"
"S1-SQL-438","sql_tag","server/routers/lootpool.ts","384","TCG catalog","identifier_quoting","Remove MySQL backticks; use Drizzle identifiers or PostgreSQL quoting","const [result] = await db.execute(sql`","not_started"
"S1-SQL-439","execute_call","server/routers/lootpool.ts","392","TCG catalog","identifier_quoting","Remove MySQL backticks; use Drizzle identifiers or PostgreSQL quoting","await db.execute(sql`","not_started"
"S1-SQL-440","sql_tag","server/routers/lootpool.ts","392","TCG catalog","identifier_quoting","Remove MySQL backticks; use Drizzle identifiers or PostgreSQL quoting","await db.execute(sql`","not_started"
"S1-SQL-441","execute_call","server/routers/lootpool.ts","452","TCG catalog","identifier_quoting","Remove MySQL backticks; use Drizzle identifiers or PostgreSQL quoting","await db.execute(sql`","not_started"
"S1-SQL-442","sql_tag","server/routers/lootpool.ts","452","TCG catalog","identifier_quoting","Remove MySQL backticks; use Drizzle identifiers or PostgreSQL quoting","await db.execute(sql`","not_started"
"S1-SQL-443","execute_call","server/routers/lootpool.ts","469","TCG catalog","identifier_quoting","Remove MySQL backticks; use Drizzle identifiers or PostgreSQL quoting","await db.execute(sql`","not_started"
"S1-SQL-444","sql_tag","server/routers/lootpool.ts","469","TCG catalog","identifier_quoting","Remove MySQL backticks; use Drizzle identifiers or PostgreSQL quoting","await db.execute(sql`","not_started"
"S1-SQL-445","execute_call","server/routers/lootpool.ts","507","Platform domain (manual owner assignment required)","identifier_quoting","Remove MySQL backticks; use Drizzle identifiers or PostgreSQL quoting","await db.execute(sql`","not_started"
"S1-SQL-446","sql_tag","server/routers/lootpool.ts","507","Platform domain (manual owner assignment required)","identifier_quoting","Remove MySQL backticks; use Drizzle identifiers or PostgreSQL quoting","await db.execute(sql`","not_started"
"S1-SQL-447","execute_call","server/routers/lootpool.ts","513","Platform domain (manual owner assignment required)","identifier_quoting","Remove MySQL backticks; use Drizzle identifiers or PostgreSQL quoting","await db.execute(sql`UPDATE pools SET pool_status = 'active', publishedAt = NOW() WHERE id = ${input.poolId}`);","not_started"
"S1-SQL-448","sql_tag","server/routers/lootpool.ts","513","Platform domain (manual owner assignment required)","identifier_quoting","Remove MySQL backticks; use Drizzle identifiers or PostgreSQL quoting","await db.execute(sql`UPDATE pools SET pool_status = 'active', publishedAt = NOW() WHERE id = ${input.poolId}`);","not_started"
"S1-SQL-449","execute_call","server/routers/lootpool.ts","521","Platform domain (manual owner assignment required)","identifier_quoting","Remove MySQL backticks; use Drizzle identifiers or PostgreSQL quoting","await db.execute(sql`UPDATE pools SET pool_status = 'archived' WHERE id = ${input.poolId}`);","not_started"
"S1-SQL-450","sql_tag","server/routers/lootpool.ts","521","Platform domain (manual owner assignment required)","identifier_quoting","Remove MySQL backticks; use Drizzle identifiers or PostgreSQL quoting","await db.execute(sql`UPDATE pools SET pool_status = 'archived' WHERE id = ${input.poolId}`);","not_started"
"S1-SQL-451","execute_call","server/routers/lootpool.ts","589","Platform domain (manual owner assignment required)","identifier_quoting","Remove MySQL backticks; use Drizzle identifiers or PostgreSQL quoting","await db.execute(sql`UPDATE pools SET coverImageUrl = ${s3Url} WHERE id = ${input.poolId}`);","not_started"
"S1-SQL-452","sql_tag","server/routers/lootpool.ts","589","Platform domain (manual owner assignment required)","identifier_quoting","Remove MySQL backticks; use Drizzle identifiers or PostgreSQL quoting","await db.execute(sql`UPDATE pools SET coverImageUrl = ${s3Url} WHERE id = ${input.poolId}`);","not_started"
"S1-SQL-453","sql_tag","server/routers/marketplace.ts","170","Pricing & market data","identifier_quoting","Remove MySQL backticks; use Drizzle identifiers or PostgreSQL quoting",".set({ viewCount: sql`${marketplaceListings.viewCount} + ${increment}` })","not_started"
"S1-SQL-454","sql_tag","server/routers/marketplace.ts","214","TCG catalog","identifier_quoting","Remove MySQL backticks; use Drizzle identifiers or PostgreSQL quoting","count: sql<number>`COUNT(*) as count`,","not_started"
"S1-SQL-455","sql_tag","server/routers/marketplace.ts","217","TCG catalog","identifier_quoting","Remove MySQL backticks; use Drizzle identifiers or PostgreSQL quoting",".where(sql`${marketplaceSearchLogs.createdAt} >= ${since}`)","not_started"
"S1-SQL-456","sql_tag","server/routers/marketplace.ts","219","Pricing & market data","identifier_quoting","Remove MySQL backticks; use Drizzle identifiers or PostgreSQL quoting",".orderBy(desc(sql`COUNT(*)`))","not_started"
"S1-SQL-457","sql_tag","server/routers/marketplace.ts","3780","Pricing & market data","identifier_quoting","Remove MySQL backticks; use Drizzle identifiers or PostgreSQL quoting","sql`${marketplaceOrders.manualPayoutAt} >= ${fromDate}`,","not_started"
"S1-SQL-458","sql_tag","server/routers/marketplace.ts","3781","Pricing & market data","identifier_quoting","Remove MySQL backticks; use Drizzle identifiers or PostgreSQL quoting","sql`${marketplaceOrders.manualPayoutAt} < ${toDate}`,","not_started"
"S1-SQL-459","sql_tag","server/routers/marketplace.ts","3832","Pricing & market data","identifier_quoting","Remove MySQL backticks; use Drizzle identifiers or PostgreSQL quoting",".where(sql`${marketplaceListings.id} IN (${sql.join(ids.map(id => sql`${id}`), sql`, `)})`);","not_started"
"S1-SQL-460","sql_tag","server/routers/marketplace.ts","3832","Pricing & market data","identifier_quoting","Remove MySQL backticks; use Drizzle identifiers or PostgreSQL quoting",".where(sql`${marketplaceListings.id} IN (${sql.join(ids.map(id => sql`${id}`), sql`, `)})`);","not_started"
"S1-SQL-461","sql_tag","server/routers/marketplace.ts","3832","Pricing & market data","identifier_quoting","Remove MySQL backticks; use Drizzle identifiers or PostgreSQL quoting",".where(sql`${marketplaceListings.id} IN (${sql.join(ids.map(id => sql`${id}`), sql`, `)})`);","not_started"
"S1-SQL-462","sql_tag","server/routers/marketplace.ts","3844","Pricing & market data","identifier_quoting","Remove MySQL backticks; use Drizzle identifiers or PostgreSQL quoting",".where(sql`${marketplaceListings.id} IN (${sql.join(ids.map(id => sql`${id}`), sql`, `)})`);","not_started"
"S1-SQL-463","sql_tag","server/routers/marketplace.ts","3844","Pricing & market data","identifier_quoting","Remove MySQL backticks; use Drizzle identifiers or PostgreSQL quoting",".where(sql`${marketplaceListings.id} IN (${sql.join(ids.map(id => sql`${id}`), sql`, `)})`);","not_started"
"S1-SQL-464","sql_tag","server/routers/marketplace.ts","3844","Pricing & market data","identifier_quoting","Remove MySQL backticks; use Drizzle identifiers or PostgreSQL quoting",".where(sql`${marketplaceListings.id} IN (${sql.join(ids.map(id => sql`${id}`), sql`, `)})`);","not_started"
"S1-SQL-465","sql_tag","server/routers/marketplace.ts","4771","Pricing & market data","date_time","Replace with date_trunc/to_char/interval and UTC contract","await db.insert(cartItems).values({ userId: ctx.user.id, listingId: input.listingId, expiresAt }).onDuplicateKeyUpdate({ set: { addedAt: sql`NOW()`, expiresAt: sql`DATE_ADD(NOW(), INTERVAL ${sql.raw(cartRetentionDays.toString())} DAY)` } });","not_started"
"S1-SQL-466","sql_tag","server/routers/marketplace.ts","4771","Pricing & market data","date_time","Replace with date_trunc/to_char/interval and UTC contract","await db.insert(cartItems).values({ userId: ctx.user.id, listingId: input.listingId, expiresAt }).onDuplicateKeyUpdate({ set: { addedAt: sql`NOW()`, expiresAt: sql`DATE_ADD(NOW(), INTERVAL ${sql.raw(cartRetentionDays.toString())} DAY)` } });","not_started"
"S1-SQL-467","sql_tag","server/routers/marketplace.ts","4929","Pricing & market data","identifier_quoting","Remove MySQL backticks; use Drizzle identifiers or PostgreSQL quoting","const [cartRow] = await db.select({ count: sql<number>`count(*)` }).from(cartItems).where(eq(cartItems.userId, ctx.user.id));","not_started"
"S1-SQL-468","sql_tag","server/routers/marketplace.ts","4930","Pricing & market data","identifier_quoting","Remove MySQL backticks; use Drizzle identifiers or PostgreSQL quoting","const [auctionRow] = await db.select({ count: sql<number>`count(*)` }).from(marketplaceOrders).where(and(","not_started"
"S1-SQL-469","sql_tag","server/routers/marketplace.ts","5046","Pricing & market data","identifier_quoting","Remove MySQL backticks; use Drizzle identifiers or PostgreSQL quoting",".select({ count: sql<number>`count(*)` })","not_started"
"S1-SQL-470","sql_tag","server/routers/marketplace.ts","5196","Pricing & market data","identifier_quoting","Remove MySQL backticks; use Drizzle identifiers or PostgreSQL quoting","if (input.startDate) conditions.push(sql`${adminAuditLogs.createdAt} >= ${new Date(input.startDate)}`);","not_started"
"S1-SQL-471","sql_tag","server/routers/marketplace.ts","5197","Pricing & market data","identifier_quoting","Remove MySQL backticks; use Drizzle identifiers or PostgreSQL quoting","if (input.endDate) conditions.push(sql`${adminAuditLogs.createdAt} <= ${new Date(input.endDate)}`);","not_started"
"S1-SQL-472","sql_tag","server/routers/security.ts","178","Marketplace & transactions","identifier_quoting","Remove MySQL backticks; use Drizzle identifiers or PostgreSQL quoting","lastSeen: sql<Date>`MAX(${securityEvents.createdAt})`,","not_started"
"S1-SQL-473","sql_tag","server/routers/security.ts","183","Platform domain (manual owner assignment required)","identifier_quoting","Remove MySQL backticks; use Drizzle identifiers or PostgreSQL quoting",".orderBy(sql`COUNT(*) DESC`)","not_started"
"S1-SQL-474","sql_tag","server/routers/wall.ts","76","Operations & platform","identifier_quoting","Remove MySQL backticks; use Drizzle identifiers or PostgreSQL quoting","totalValue: sql<number>`COALESCE(SUM(${wallEntries.totalValue}), 0)`,","not_started"
"S1-SQL-475","sql_tag","server/routers/wall.ts","77","Operations & platform","identifier_quoting","Remove MySQL backticks; use Drizzle identifiers or PostgreSQL quoting","totalSighs: sql<number>`COALESCE(SUM(${wallEntries.sighs}), 0)`,","not_started"
"S1-SQL-476","sql_tag","server/routers/wall.ts","78","Operations & platform","identifier_quoting","Remove MySQL backticks; use Drizzle identifiers or PostgreSQL quoting","entryCount: sql<number>`COUNT(*)`,","not_started"
"S1-SQL-477","sql_tag","server/routers/wall.ts","270","Platform domain (manual owner assignment required)","identifier_quoting","Remove MySQL backticks; use Drizzle identifiers or PostgreSQL quoting",".set({ sighs: sql`${wallEntries.sighs} + 1` })","not_started"
"S1-SQL-478","execute_call","server/scripts/dedup-price-history-v2.mjs","32","TCG catalog","identifier_quoting","Remove MySQL backticks; use Drizzle identifiers or PostgreSQL quoting","const [before] = await connection.execute(","not_started"
"S1-SQL-479","execute_call","server/scripts/dedup-price-history-v2.mjs","51","TCG catalog","identifier_quoting","Remove MySQL backticks; use Drizzle identifiers or PostgreSQL quoting","const [result] = await connection.execute(`","not_started"
"S1-SQL-480","execute_call","server/scripts/dedup-price-history-v2.mjs","82","TCG catalog","identifier_quoting","Remove MySQL backticks; use Drizzle identifiers or PostgreSQL quoting","const [after] = await connection.execute(","not_started"
"S1-SQL-481","execute_call","server/scripts/dedup-price-history-v2.mjs","89","TCG catalog","identifier_quoting","Remove MySQL backticks; use Drizzle identifiers or PostgreSQL quoting","const [dupCheck] = await connection.execute(`","not_started"
"S1-SQL-482","execute_call","server/scripts/dedup-price-history-v3.mjs","31","TCG catalog","identifier_quoting","Remove MySQL backticks; use Drizzle identifiers or PostgreSQL quoting","const [before] = await connection.execute(","not_started"
"S1-SQL-483","execute_call","server/scripts/dedup-price-history-v3.mjs","38","TCG catalog","identifier_quoting","Remove MySQL backticks; use Drizzle identifiers or PostgreSQL quoting","const [dupCards] = await connection.execute(`","not_started"
"S1-SQL-484","execute_call","server/scripts/dedup-price-history-v3.mjs","59","TCG catalog","identifier_quoting","Remove MySQL backticks; use Drizzle identifiers or PostgreSQL quoting","const [result] = await connection.execute(`","not_started"
"S1-SQL-485","execute_call","server/scripts/dedup-price-history-v3.mjs","86","TCG catalog","identifier_quoting","Remove MySQL backticks; use Drizzle identifiers or PostgreSQL quoting","const [after] = await connection.execute(","not_started"
"S1-SQL-486","execute_call","server/scripts/dedup-price-history-v3.mjs","93","TCG catalog","identifier_quoting","Remove MySQL backticks; use Drizzle identifiers or PostgreSQL quoting","const [dupCheck] = await connection.execute(`","not_started"
"S1-SQL-487","execute_call","server/scripts/dedup-price-history.mjs","41","TCG catalog","identifier_quoting","Remove MySQL backticks; use Drizzle identifiers or PostgreSQL quoting","const [countResult] = await connection.execute(`","not_started"
"S1-SQL-488","execute_call","server/scripts/dedup-price-history.mjs","52","TCG catalog","aggregation","Replace with string_agg and explicit ordering","const [duplicateGroups] = await connection.execute(`","not_started"
"S1-SQL-489","execute_call","server/scripts/dedup-price-history.mjs","89","TCG catalog","identifier_quoting","Remove MySQL backticks; use Drizzle identifiers or PostgreSQL quoting","const [deleteResult] = await connection.execute(","not_started"
"S1-SQL-490","execute_call","server/scripts/dedup-price-history.mjs","101","TCG catalog","identifier_quoting","Remove MySQL backticks; use Drizzle identifiers or PostgreSQL quoting","const [afterCount] = await connection.execute(`","not_started"
"S1-SQL-491","execute_call","server/scripts/dedup-price-history.mjs","114","TCG catalog","aggregation","Replace with string_agg and explicit ordering","const [allGroups] = await connection.execute(`","not_started"
"S1-SQL-492","execute_call","server/scripts/dedup-price-history.mjs","130","Pricing & market data","identifier_quoting","Remove MySQL backticks; use Drizzle identifiers or PostgreSQL quoting","await connection.execute(","not_started"
"S1-SQL-493","execute_call","server/scripts/generate-sitemaps.ts","114","TCG catalog","identifier_quoting","Remove MySQL backticks; use Drizzle identifiers or PostgreSQL quoting","const sets = await dbConn.execute(","not_started"
"S1-SQL-494","sql_tag","server/scripts/generate-sitemaps.ts","115","TCG catalog","identifier_quoting","Remove MySQL backticks; use Drizzle identifiers or PostgreSQL quoting","sql`SELECT DISTINCT setName FROM cards WHERE setName IS NOT NULL AND setName != '' ORDER BY setName`","not_started"
"S1-SQL-495","execute_call","server/sitemap.ts","263","TCG catalog","identifier_quoting","Remove MySQL backticks; use Drizzle identifiers or PostgreSQL quoting","const sets = await dbConn.execute(","not_started"
"S1-SQL-496","sql_tag","server/sitemap.ts","264","TCG catalog","identifier_quoting","Remove MySQL backticks; use Drizzle identifiers or PostgreSQL quoting","sql`SELECT DISTINCT setName FROM cards WHERE setName IS NOT NULL AND setName != '' ORDER BY setName`","not_started"
"S1-SQL-497","execute_call","server/taskHistory.test.ts","86","Pricing & market data","raw_select","Review casts, joins, order and pagination semantics","const [rows] = await conn.execute(","not_started"
"S1-SQL-498","sql_tag","server/userManagement.ts","50","Identity & user experience","identifier_quoting","Remove MySQL backticks; use Drizzle identifiers or PostgreSQL quoting","? db.select({ count: sql<number>`count(*)` }).from(users).where(and(...conditions))","not_started"
"S1-SQL-499","sql_tag","server/userManagement.ts","51","Marketplace & transactions","identifier_quoting","Remove MySQL backticks; use Drizzle identifiers or PostgreSQL quoting",": db.select({ count: sql<number>`count(*)` }).from(users);","not_started"
"S1-SQL-500","sql_tag","server/userManagement.ts","98","Identity & user experience","identifier_quoting","Remove MySQL backticks; use Drizzle identifiers or PostgreSQL quoting",".select({ total: sql<number>`count(*)` })","not_started"
"S1-SQL-501","sql_tag","server/userManagement.ts","103","Identity & user experience","identifier_quoting","Remove MySQL backticks; use Drizzle identifiers or PostgreSQL quoting",".select({ adminCount: sql<number>`count(*)` })","not_started"
"S1-SQL-502","sql_tag","server/userManagement.ts","109","Identity & user experience","identifier_quoting","Remove MySQL backticks; use Drizzle identifiers or PostgreSQL quoting",".select({ passwordCount: sql<number>`count(*)` })","not_started"
"S1-SQL-503","sql_tag","server/userManagement.ts","115","Identity & user experience","identifier_quoting","Remove MySQL backticks; use Drizzle identifiers or PostgreSQL quoting",".select({ googleCount: sql<number>`count(*)` })","not_started"
"S1-SQL-504","sql_tag","server/userManagement.ts","124","Identity & user experience","identifier_quoting","Remove MySQL backticks; use Drizzle identifiers or PostgreSQL quoting",".select({ newUsers: sql<number>`count(*)` })","not_started"
"S1-SQL-505","sql_tag","server/userManagement.ts","130","Identity & user experience","identifier_quoting","Remove MySQL backticks; use Drizzle identifiers or PostgreSQL quoting",".select({ blockedCount: sql<number>`count(*)` })","not_started"
"S1-SQL-506","sql_tag","server/userManagement.ts","308","Pricing & market data","identifier_quoting","Remove MySQL backticks; use Drizzle identifiers or PostgreSQL quoting","totalOrders: sql<number>`count(*)`,","not_started"
"S1-SQL-507","sql_tag","server/userManagement.ts","309","Pricing & market data","identifier_quoting","Remove MySQL backticks; use Drizzle identifiers or PostgreSQL quoting","completedOrders: sql<number>`sum(case when ${marketplaceOrders.orderStatus} = 'completed' then 1 else 0 end)`,","not_started"
"S1-SQL-508","sql_tag","server/userManagement.ts","310","Pricing & market data","identifier_quoting","Remove MySQL backticks; use Drizzle identifiers or PostgreSQL quoting","totalSpent: sql<number>`sum(case when ${marketplaceOrders.paymentStatus} = 'paid' then cast(${marketplaceOrders.subtotalHkd} as decimal(10,2)) else 0 end)`,","not_started"
"S1-SQL-509","sql_tag","server/utils/searchTokenBuilder.ts","237","TCG catalog","identifier_quoting","Remove MySQL backticks; use Drizzle identifiers or PostgreSQL quoting","sql`${searchTokens.token} LIKE ${lower + '%'}`,","not_started"
"S1-SQL-510","sql_tag","server/utils/searchTokenBuilder.ts","241","TCG catalog","identifier_quoting","Remove MySQL backticks; use Drizzle identifiers or PostgreSQL quoting","condition = sql`${searchTokens.token} LIKE ${lower + '%'}`;","not_started"
